time,wx (rad/s),wy (rad/s),wz (rad/s)
0.003817,0.00,-0.05,0.00
0.022815,-0.01,-0.02,-0.00
0.023431,-0.00,0.03,0.00
0.038837,0.01,0.04,0.00
0.039466,0.00,0.01,-0.00
0.051800,-0.00,-0.02,0.00
0.056989,0.00,-0.02,0.00
0.066904,-0.00,-0.01,0.00
0.076875,-0.01,0.00,-0.00
0.088455,0.00,0.02,-0.00
0.096846,0.01,0.02,-0.00
0.106877,-0.00,-0.01,-0.00
0.116840,-0.00,-0.02,0.00
0.133902,0.00,-0.01,0.00
0.137718,0.00,0.00,0.00
0.146963,-0.00,0.01,0.00
0.156796,-0.00,0.02,-0.00
0.166897,0.00,0.01,-0.00
0.176924,0.00,-0.01,-0.00
0.188824,-0.00,-0.01,-0.00
0.196781,-0.00,-0.01,-0.00
0.207241,0.00,0.01,-0.00
0.216732,0.00,0.00,-0.00
0.230886,0.00,-0.00,0.00
0.237273,0.00,-0.00,-0.00
0.247206,0.00,-0.00,-0.00
0.256764,0.00,0.00,-0.00
0.266838,0.00,0.01,-0.00
0.276854,0.00,0.00,-0.00
0.287048,-0.00,-0.00,-0.00
0.296638,0.00,-0.00,0.00
0.306905,0.00,-0.00,0.00
0.317161,0.00,0.00,-0.00
0.330254,0.00,0.01,0.00
0.336710,0.00,0.01,-0.00
0.347413,0.00,0.00,-0.00
0.356685,0.00,-0.00,-0.00
0.366642,0.00,-0.00,-0.00
0.376798,0.00,-0.00,-0.00
0.386689,0.00,-0.00,-0.00
0.396748,0.00,0.00,-0.00
0.406931,0.00,0.00,-0.00
0.422374,0.00,0.00,-0.00
0.427396,0.00,0.00,0.00
0.437669,0.00,0.00,-0.00
0.446813,0.00,0.00,-0.00
0.456840,0.00,-0.00,-0.00
0.468688,0.00,-0.00,-0.00
0.476787,0.00,-0.00,-0.00
0.486986,0.00,-0.00,0.00
0.496584,0.00,0.00,-0.00
0.506848,0.00,0.00,0.00
0.521285,0.00,0.00,-0.00
0.527206,0.00,0.00,-0.00
0.540090,0.00,-0.00,0.00
0.547513,0.00,-0.00,-0.00
0.557005,-0.00,-0.00,-0.00
0.566877,0.00,-0.00,0.00
0.576905,0.00,0.00,0.00
0.587015,0.00,0.00,-0.00
0.598099,0.00,0.00,0.00
0.607633,0.00,0.00,0.00
0.623551,0.00,0.00,0.00
0.639481,0.00,0.00,-0.00
0.641823,0.00,-0.00,-0.00
0.647387,0.00,-0.00,-0.00
0.661462,0.00,-0.00,-0.00
0.676558,0.00,-0.00,-0.00
0.678249,0.00,0.00,-0.00
0.690479,0.00,0.00,0.00
0.699696,0.00,0.00,0.00
0.707100,0.00,-0.00,-0.00
0.720053,0.00,-0.00,-0.00
0.726842,0.00,-0.00,-0.00
0.737355,0.00,-0.00,-0.00
0.757279,0.00,0.00,-0.00
0.759048,0.00,0.00,0.00
0.769489,0.00,0.00,-0.00
0.777043,0.00,0.00,-0.00
0.787069,0.00,0.00,-0.00
0.798408,0.00,0.00,-0.00
0.807097,0.00,0.00,-0.00
0.820367,0.00,-0.00,-0.00
0.826867,0.00,-0.00,-0.00
0.837242,0.00,-0.00,-0.00
0.858518,0.00,0.00,-0.00
0.860142,0.00,0.00,-0.00
0.872438,0.00,0.00,0.00
0.877496,0.00,0.00,0.00
0.887202,0.00,0.00,0.00
0.901511,0.00,0.00,-0.00
0.907218,0.00,-0.00,-0.00
0.916814,0.00,-0.00,-0.00
0.927758,0.00,0.00,0.00
0.937327,0.00,0.00,-0.00
0.953942,0.00,0.00,-0.00
0.957429,0.00,0.00,-0.00
0.968687,0.00,0.00,0.00
0.977137,0.00,0.00,-0.00
0.987348,0.00,-0.00,-0.00
0.998594,0.00,-0.00,-0.00
1.007004,0.00,-0.00,-0.00
1.017343,0.00,-0.00,-0.00
1.032974,0.00,0.00,-0.00
1.037097,0.00,0.00,-0.00
1.054575,0.00,0.00,0.00
1.057090,0.00,0.00,-0.00
1.068971,0.00,0.00,-0.00
1.083406,0.00,-0.00,-0.00
1.087201,0.00,-0.00,-0.00
1.098572,0.00,-0.00,-0.00
1.107224,0.00,-0.00,-0.00
1.117642,0.00,0.00,-0.00
1.135680,0.00,0.00,-0.00
1.139046,0.00,0.00,-0.00
1.162154,0.00,0.00,0.00
1.164018,0.00,-0.00,-0.00
1.167421,0.00,-0.00,-0.00
1.177934,0.00,-0.00,-0.00
1.187087,0.00,-0.00,-0.00
1.197202,0.00,-0.00,-0.00
1.206886,0.00,0.00,-0.00
1.217607,0.00,0.00,-0.00
1.233319,0.00,0.00,-0.00
1.237627,0.00,0.00,-0.00
1.259799,0.00,0.00,-0.00
1.262239,0.00,-0.00,-0.00
1.266857,0.00,-0.00,-0.00
1.277270,0.00,-0.00,0.00
1.286969,0.00,-0.00,-0.00
1.297102,0.00,0.00,-0.00
1.307850,0.00,0.00,0.00
1.317463,0.00,0.00,0.00
1.331993,0.00,0.00,0.00
1.337866,0.00,0.00,-0.00
1.360171,0.00,0.00,0.00
1.362485,0.00,0.00,-0.00
1.367825,0.00,-0.00,-0.00
1.377072,-0.00,-0.00,-0.00
1.387144,0.00,0.00,-0.00
1.397187,0.00,0.00,0.00
1.410094,0.00,0.00,-0.00
1.417250,0.00,0.00,-0.00
1.427444,0.00,0.00,-0.00
1.437072,0.00,-0.00,-0.00
1.447153,0.00,-0.00,-0.00
1.469173,0.00,-0.00,-0.00
1.470889,0.00,0.00,-0.00
1.483585,0.00,0.00,-0.00
1.487179,-0.00,0.00,0.00
1.498815,0.00,0.00,0.00
1.513295,0.00,0.00,-0.00
1.517017,-0.00,0.00,-0.00
1.526800,0.00,0.00,-0.00
1.537082,0.00,-0.00,-0.00
1.546898,0.00,-0.00,-0.00
1.567598,-0.00,-0.00,-0.00
1.569380,-0.00,0.00,0.00
1.581791,0.00,0.00,0.00
1.587734,0.00,0.00,0.00
1.597247,0.00,0.00,-0.00
1.611309,0.00,0.00,0.00
1.617444,0.00,0.00,-0.00
1.626953,0.00,-0.00,-0.00
1.637053,0.00,-0.00,-0.00
1.647374,0.00,-0.00,0.00
1.663618,0.00,0.00,-0.00
1.666834,0.00,0.00,-0.00
1.678772,0.00,0.00,-0.00
1.693499,0.00,0.00,-0.00
1.697351,0.00,0.00,-0.00
1.707794,0.00,-0.00,-0.00
1.717184,-0.00,-0.00,-0.00
1.726965,0.00,-0.00,-0.00
1.742726,0.00,0.00,-0.00
1.747954,0.00,0.00,0.00
1.759388,-0.00,0.00,0.00
1.767023,0.00,0.00,-0.00
1.777945,0.00,0.00,-0.00
1.789823,0.00,0.00,0.00
1.796979,0.00,-0.00,-0.00
1.806888,-0.00,-0.00,-0.00
1.817109,0.00,-0.00,0.00
1.826869,0.00,-0.00,-0.00
1.842109,0.00,-0.00,-0.00
1.847545,0.00,0.00,-0.00
1.870739,0.00,0.00,-0.00
1.872592,0.00,0.00,-0.00
1.883694,0.00,-0.00,-0.00
1.900577,0.00,-0.00,-0.00
1.901994,0.00,-0.00,-0.00
1.911755,0.00,-0.00,-0.00
1.917131,-0.00,0.00,-0.00
1.928331,-0.00,0.00,-0.00
1.940459,0.00,0.00,0.00
1.946906,0.00,0.00,0.00
1.959147,0.00,0.00,0.00
1.967085,-0.00,-0.00,-0.00
1.977219,-0.00,-0.00,0.00
1.986841,-0.00,-0.00,-0.00
1.996729,-0.00,0.00,-0.00
2.006936,0.00,0.00,0.00
2.018876,0.00,0.00,-0.00
2.027081,0.00,0.00,-0.00
2.037277,0.00,0.00,-0.00
2.046916,0.00,0.00,-0.00
2.057105,0.00,-0.00,-0.00
2.072609,0.00,-0.00,-0.00
2.076953,0.00,-0.00,-0.00
2.087817,0.00,-0.00,-0.00
2.097107,0.00,-0.00,-0.00
2.106907,0.00,0.00,0.00
2.118190,0.00,0.00,0.00
2.127177,-0.00,0.00,-0.00
2.136933,0.00,0.00,-0.00
2.147071,0.00,-0.00,-0.00
2.157362,0.00,-0.00,-0.00
2.176946,-0.00,-0.00,-0.00
2.178682,0.00,0.00,-0.00
2.191259,0.00,-0.00,-0.00
2.197359,0.00,0.00,-0.00
2.206983,0.00,0.00,0.00
2.222556,0.00,-0.00,0.00
2.227133,0.00,-0.00,-0.00
2.237761,0.00,0.00,-0.00
2.247602,-0.00,-0.00,-0.00
2.257314,0.00,-0.00,-0.00
2.275359,0.00,-0.00,0.00
2.277284,0.00,0.00,0.00
2.290538,0.00,0.00,-0.00
2.297604,0.00,0.00,-0.00
2.307209,0.00,0.00,-0.00
2.319706,0.00,-0.00,-0.00
2.326962,0.00,0.00,-0.00
2.336981,0.00,0.00,-0.00
2.353645,0.00,0.00,-0.00
2.357230,0.00,0.00,-0.00
2.374260,0.00,0.00,-0.00
2.377255,0.00,0.00,0.00
2.388744,0.00,0.00,-0.00
2.403556,0.00,0.00,-0.00
2.407379,0.00,0.00,-0.00
2.419361,0.00,-0.00,-0.00
2.426977,0.00,-0.00,-0.00
2.437485,0.00,-0.00,-0.00
2.454220,0.00,-0.00,-0.00
2.457254,0.00,0.00,-0.00
2.479673,0.00,0.00,-0.00
2.481923,0.00,0.00,0.00
2.487074,0.00,-0.00,-0.00
2.497842,0.00,0.00,-0.00
2.507027,-0.00,0.00,0.00
2.517014,0.00,0.00,0.00
2.527346,0.00,0.00,-0.00
2.537969,0.00,0.00,-0.00
2.554771,0.00,0.00,0.00
2.557691,0.00,0.00,-0.00
2.569101,0.00,0.00,-0.00
2.577495,-0.00,0.00,-0.00
2.587146,0.00,0.00,-0.00
2.600745,0.00,0.00,-0.00
2.607019,0.00,-0.00,-0.00
2.618555,0.00,-0.00,-0.00
2.627490,0.00,0.00,-0.00
2.637297,0.00,0.00,-0.00
2.655894,-0.00,0.00,-0.00
2.658189,-0.00,0.00,-0.00
2.670363,0.00,0.00,-0.00
2.677543,0.00,-0.00,-0.00
2.687130,0.00,0.00,-0.00
2.699891,0.00,0.00,-0.00
2.706868,0.00,-0.00,-0.00
2.717187,0.00,0.00,-0.00
2.734318,0.00,0.00,-0.00
2.737117,0.00,0.00,0.00
2.755542,-0.00,0.00,-0.00
2.757562,0.00,0.00,-0.00
2.770330,0.00,0.00,-0.00
2.784963,0.00,0.00,-0.00
2.787454,0.00,0.00,-0.00
2.799687,0.00,0.00,0.00
2.807417,-0.00,0.00,-0.00
2.817086,0.00,0.00,-0.00
2.832436,0.00,0.00,-0.00
2.837232,0.00,0.00,-0.00
2.851729,0.00,0.00,-0.00
2.857212,0.00,0.00,-0.00
2.867096,0.00,0.00,-0.00
2.881302,0.00,0.00,-0.00
2.886729,0.00,-0.00,-0.00
2.897245,0.00,-0.00,-0.00
2.907474,0.00,0.00,-0.00
2.917401,0.00,0.00,-0.00
2.931613,-0.00,-0.00,-0.00
2.937419,-0.00,0.00,-0.00
2.952141,0.00,0.00,0.00
2.957204,-0.00,-0.00,-0.00
2.967445,0.00,0.00,-0.00
2.981652,-0.00,-0.00,-0.00
2.986935,-0.00,0.00,-0.00
2.997384,-0.00,0.00,-0.00
3.009026,0.00,0.00,-0.00
3.017033,0.00,0.00,0.00
3.026988,0.00,0.00,0.00
3.037163,0.00,-0.00,0.00
3.047364,0.00,-0.00,-0.00
3.065454,0.00,-0.00,-0.00
3.067362,0.00,-0.00,-0.00
3.077479,0.00,0.00,-0.00
3.087135,0.00,0.00,-0.00
3.097472,0.00,0.00,-0.00
3.109266,0.00,0.00,0.00
3.117116,0.00,0.00,0.00
3.127025,0.00,0.00,-0.00
3.137031,0.00,0.00,0.00
3.147111,0.00,0.00,0.00
3.165104,0.00,-0.00,-0.00
3.166988,0.00,0.00,-0.00
3.179630,0.00,0.00,-0.00
3.187790,0.00,0.00,-0.00
3.197224,-0.00,0.00,0.00
3.209077,0.00,0.00,-0.00
3.217361,0.00,0.00,-0.00
3.227264,0.00,-0.00,-0.00
3.237257,0.00,-0.00,0.00
3.247192,0.00,0.00,-0.00
3.263531,0.00,0.00,-0.00
3.266864,0.00,0.00,0.00
3.277908,-0.00,0.00,-0.00
3.287027,0.00,0.00,0.00
3.297165,0.00,0.00,-0.00
3.307348,0.00,0.00,-0.00
3.317104,0.00,0.00,-0.00
3.326931,0.00,-0.00,-0.00
3.342975,0.00,-0.00,-0.00
3.347414,0.00,0.00,0.00
3.362617,0.00,0.00,-0.00
3.366860,0.00,0.00,-0.00
3.377277,-0.00,0.00,-0.00
3.393014,0.00,0.00,-0.00
3.397372,0.00,0.00,-0.00
3.406815,0.00,0.00,-0.00
3.417091,0.00,0.00,-0.00
3.426999,-0.00,0.00,-0.00
3.443639,0.00,-0.00,0.00
3.446994,0.00,0.00,-0.00
3.465450,0.00,0.00,0.00
3.467462,0.00,0.00,-0.00
3.479801,0.00,0.00,-0.00
3.495408,0.00,0.00,-0.00
3.497724,0.00,0.00,0.00
3.508630,0.00,0.00,0.00
3.521301,-0.00,0.00,0.00
3.527076,0.00,0.00,0.00
3.537460,0.00,0.00,-0.00
3.546800,0.00,0.00,-0.00
3.557525,0.00,0.00,-0.00
3.568225,0.00,0.00,0.00
3.577294,0.00,0.00,-0.00
3.588698,-0.00,0.00,-0.00
3.597482,0.00,0.00,-0.00
3.607158,0.00,0.00,-0.00
3.617231,0.00,0.00,-0.00
3.627050,0.00,0.00,-0.00
3.639937,0.00,0.00,-0.00
3.647095,0.00,-0.00,-0.00
3.658972,0.00,0.00,-0.00
3.673831,0.00,0.00,-0.00
3.677021,0.00,-0.00,-0.00
3.687387,0.00,0.00,0.00
3.697237,0.00,0.00,0.00
3.706999,0.00,0.00,0.00
3.720420,0.00,0.00,-0.00
3.727112,0.00,0.00,-0.00
3.736805,0.00,-0.00,0.00
3.747261,0.00,-0.00,0.00
3.757551,0.00,0.00,-0.00
3.774577,0.00,0.00,-0.00
3.777222,0.00,0.00,-0.00
3.786944,0.00,0.00,-0.00
3.797446,0.00,0.00,0.00
3.807005,0.00,0.00,-0.00
3.817429,0.00,0.00,0.00
3.826801,0.00,0.00,-0.00
3.837021,0.00,0.00,0.00
3.846820,0.00,0.00,-0.00
3.857027,0.00,0.00,-0.00
3.873488,-0.00,0.00,-0.00
3.877250,-0.00,-0.00,0.00
3.887951,0.00,0.00,-0.00
3.897003,0.00,-0.00,0.00
3.906940,-0.00,0.00,-0.00
3.917326,-0.00,0.00,0.00
3.926701,0.00,0.00,0.00
3.936874,-0.00,-0.00,-0.00
3.946780,0.00,0.00,-0.00
3.957102,0.00,0.00,-0.00
3.969548,0.00,0.00,-0.00
3.976882,0.00,0.00,-0.00
3.986951,0.00,0.00,-0.00
3.998694,0.00,0.00,-0.00
4.006800,0.00,0.00,-0.00
4.016944,0.00,-0.00,-0.00
4.026833,-0.00,0.00,-0.00
4.037053,0.00,0.00,-0.00
4.050912,0.00,-0.00,0.00
4.056927,0.00,0.00,0.00
4.067413,0.00,0.00,-0.00
4.076701,0.00,0.00,-0.00
4.087264,0.00,0.00,-0.00
4.097968,0.00,0.00,-0.00
4.106841,0.00,0.00,0.00
4.117025,0.00,0.00,-0.00
4.126821,-0.00,0.00,-0.00
4.137235,-0.00,0.00,0.00
4.149558,0.00,0.00,0.00
4.156952,0.00,-0.00,-0.00
4.167417,0.00,0.00,-0.00
4.177375,-0.00,0.00,-0.00
4.186944,-0.00,0.00,0.00
4.197163,0.00,0.00,0.00
4.207028,0.00,0.00,-0.00
4.217432,-0.00,-0.00,-0.00
4.227310,0.00,-0.00,-0.00
4.237118,0.00,-0.00,-0.00
4.255206,0.00,0.00,-0.00
4.257541,0.00,0.00,0.00
4.270237,0.00,-0.00,-0.00
4.277945,0.00,0.00,-0.00
4.287349,0.00,0.00,-0.00
4.299679,0.00,0.00,-0.00
4.307044,0.00,0.00,-0.00
4.317082,0.00,-0.00,-0.00
4.326841,0.00,-0.00,-0.00
4.337174,0.00,-0.00,-0.00
4.355261,0.00,-0.00,0.00
4.357749,0.00,0.00,-0.00
4.369836,0.00,0.00,-0.00
4.384551,0.00,0.00,-0.00
4.387342,0.00,0.00,0.00
4.398907,0.00,-0.00,-0.00
4.406852,0.00,-0.00,-0.00
4.417169,0.00,-0.00,0.00
4.433943,0.00,0.00,-0.00
4.437492,-0.00,0.00,-0.00
4.452183,0.00,0.00,-0.00
4.456821,0.00,0.00,-0.00
4.467529,0.00,0.00,-0.00
4.481718,0.00,0.00,-0.00
4.486779,0.00,0.00,-0.00
4.497209,0.00,-0.00,-0.00
4.507624,0.00,-0.00,-0.00
4.517013,0.00,0.00,-0.00
4.530670,0.00,0.00,-0.00
4.537077,0.00,0.00,0.00
4.548993,0.00,0.00,0.00
4.557191,0.00,0.00,-0.00
4.567008,0.00,0.00,-0.00
4.579429,0.00,0.00,-0.00
4.586723,0.00,0.00,-0.00
4.596885,0.00,0.00,-0.00
4.608611,0.00,-0.00,-0.00
4.617603,0.00,0.00,-0.00
4.626828,0.00,0.00,-0.00
4.636798,0.00,0.00,-0.00
4.646944,0.00,0.00,-0.00
4.657216,0.00,-0.00,0.00
4.667031,0.00,0.00,0.00
4.676980,0.00,-0.00,0.00
4.686980,0.00,-0.00,-0.00
4.696976,0.00,0.00,-0.00
4.707523,0.00,0.00,-0.00
4.716810,0.00,0.00,-0.00
4.726762,0.00,0.00,-0.00
4.736918,0.00,-0.00,-0.00
4.746911,0.00,-0.00,-0.00
4.760362,0.00,0.00,-0.00
4.766884,0.00,0.00,-0.00
4.777625,0.00,0.00,-0.00
4.786741,0.00,0.00,0.00
4.797012,0.00,0.00,0.00
4.807000,0.00,0.00,0.00
4.817295,0.00,0.00,0.00
4.827067,-0.00,-0.00,0.00
4.837473,-0.00,-0.00,-0.00
4.848897,0.00,-0.00,-0.00
4.874688,0.00,0.00,-0.00
4.877522,0.00,0.00,-0.00
4.878354,0.00,0.00,-0.00
4.889282,0.00,0.00,-0.00
4.897017,-0.00,-0.00,0.00
4.907063,0.00,-0.00,-0.00
4.917024,0.00,-0.00,-0.00
4.927287,0.00,-0.00,-0.00
4.944513,0.00,0.00,-0.00
4.947169,0.00,0.00,0.00
4.964229,0.00,0.00,0.00
4.966960,0.00,0.00,0.00
4.979313,0.00,-0.00,0.00
4.994745,0.00,-0.00,0.00
4.997073,-0.00,0.00,0.00
5.010179,0.00,0.00,-0.00
5.016891,-0.00,0.00,-0.00
5.027264,0.00,0.00,0.00
5.043378,0.00,0.00,-0.00
5.047071,0.00,0.00,-0.00
5.062556,0.00,0.00,-0.00
5.067004,0.00,0.00,-0.00
5.077872,0.00,-0.00,-0.00
5.091769,0.00,-0.00,-0.00
5.097001,0.00,-0.00,-0.00
5.107323,0.00,0.00,-0.00
5.117928,0.00,0.00,-0.00
5.127154,0.00,0.00,-0.00
5.142534,0.00,-0.00,0.00
5.148178,0.00,0.00,-0.00
5.162374,0.00,-0.00,0.00
5.167111,0.00,-0.00,-0.00
5.177682,0.00,0.00,-0.00
5.191227,0.00,-0.00,-0.00
5.196864,0.00,0.00,-0.00
5.207852,0.00,0.00,-0.00
5.217407,0.00,0.00,-0.00
5.227027,0.00,0.00,-0.00
5.241285,0.00,0.00,0.00
5.247186,0.00,0.00,-0.00
5.260321,0.00,0.00,-0.00
5.267060,0.00,0.00,-0.00
5.277208,0.00,-0.00,-0.00
5.286950,0.00,0.00,0.00
5.297335,0.00,0.00,-0.00
5.307026,0.00,0.00,-0.00
5.318552,0.00,0.00,-0.00
5.327246,0.00,0.00,-0.00
5.337928,0.00,0.00,-0.00
5.350095,0.00,0.00,-0.00
5.362815,0.00,0.00,-0.00
5.383059,0.00,0.00,-0.00
5.385672,0.00,0.00,-0.00
5.387602,0.00,0.00,0.00
5.397014,-0.00,-0.00,0.00
5.407063,0.00,0.00,0.00
5.417841,0.00,0.00,-0.00
5.426986,0.00,0.00,-0.00
5.437389,0.00,0.00,-0.00
5.447117,0.00,0.00,-0.00
5.457097,0.00,-0.00,-0.00
5.475652,0.00,-0.00,-0.00
5.478017,0.00,-0.00,-0.00
5.489472,0.00,-0.00,-0.00
5.497873,0.00,-0.00,-0.00
5.507404,0.00,0.00,0.00
5.518416,0.00,0.00,0.00
5.527013,0.00,0.00,0.00
5.537192,0.00,0.00,-0.00
5.547586,0.00,-0.00,-0.00
5.557389,0.00,0.00,-0.00
5.575050,0.00,-0.00,-0.00
5.577537,0.00,-0.00,0.00
5.589291,0.00,-0.00,-0.00
5.597270,0.00,0.00,0.00
5.607920,0.00,0.00,0.00
5.620056,0.00,0.00,-0.00
5.626907,0.00,-0.00,0.00
5.637268,0.00,-0.00,-0.00
5.652973,-0.00,0.00,-0.00
5.657334,-0.00,0.00,-0.00
5.674509,0.00,0.00,0.00
5.677263,0.00,0.00,-0.00
5.688817,0.00,0.00,-0.00
5.703357,0.00,0.00,-0.00
5.707100,-0.00,0.00,-0.00
5.718833,0.00,0.00,-0.00
5.726979,0.00,-0.00,0.00
5.737241,0.00,0.00,-0.00
5.753356,0.00,0.00,-0.00
5.757472,0.00,0.00,-0.00
5.770152,0.00,0.00,-0.00
5.777030,0.00,0.00,-0.00
5.787081,0.00,0.00,-0.00
5.799146,0.00,0.00,-0.00
5.806889,0.00,0.00,-0.00
5.817205,0.00,-0.00,0.00
5.828716,-0.00,0.00,-0.00
5.838764,0.00,0.00,-0.00
5.854909,-0.00,0.00,-0.00
5.857086,-0.00,0.00,-0.00
5.875101,0.00,0.00,-0.00
5.877977,0.00,0.00,-0.00
5.889447,0.00,0.00,-0.00
5.904001,0.00,0.00,-0.00
5.907282,0.00,-0.00,-0.00
5.917412,-0.00,-0.00,-0.00
5.928143,0.00,0.00,0.00
5.937163,0.00,0.00,0.00
5.950447,0.00,0.00,-0.00
5.957452,0.00,0.00,-0.00
5.971106,0.00,0.00,-0.00
5.982844,0.00,0.00,-0.00
5.986997,0.00,-0.00,-0.00
5.997042,0.00,-0.00,-0.00
6.007073,0.00,0.00,-0.00
6.018216,-0.02,0.04,-0.00
6.029286,-0.04,0.02,0.00
6.037396,-0.02,-0.07,0.00
6.046818,0.03,-0.03,0.00
6.056680,0.04,0.00,-0.00
6.070093,-0.01,0.05,-0.00
