time,ax,ay,az,atotal
0.0,-0.028,0.001,-0.032,0.043
0.01,0.104,0.064,0.012,0.122
0.02,-0.072,0.222,-0.084,0.248
0.03,0.026,-0.009,0.073,0.079
0.04,0.109,0.107,0.065,0.166
0.051,0.051,0.008,0.005,0.052
0.061,-0.062,0.054,-0.009,0.082
0.071,-0.086,0.227,-0.011,0.243
0.081,0.024,0.113,0.079,0.14
0.091,0.018,0.132,-0.076,0.153
0.101,0.083,0.079,0.006,0.115
0.111,0.043,0.291,-0.074,0.303
0.121,-0.018,0.0,0.086,0.088
0.132,-0.021,-0.048,0.008,0.053
0.142,-0.065,0.214,0.069,0.234
0.152,0.022,0.05,0.117,0.129
0.162,-0.069,0.115,0.117,0.178
0.172,0.071,0.221,-0.044,0.236
0.182,0.052,0.119,0.048,0.139
0.192,0.051,0.265,0.104,0.289
0.202,-0.061,0.098,0.074,0.137
0.212,0.01,0.032,0.08,0.087
0.223,-0.003,-0.098,-0.102,0.141
0.233,0.027,0.115,0.07,0.138
0.243,0.054,-0.086,-0.035,0.107
0.253,-0.008,0.12,0.067,0.137
0.263,-0.005,0.212,0.064,0.221
0.273,0.065,0.095,0.059,0.13
0.283,-0.042,0.112,0.009,0.121
0.293,-0.019,0.172,0.108,0.204
0.304,0.027,0.153,0.051,0.164
0.314,0.082,0.193,0.037,0.213
0.324,-0.029,0.1,-0.052,0.117
0.334,0.137,-0.078,0.04,0.162
0.344,-0.051,0.198,0.15,0.253
0.354,0.124,0.085,-0.087,0.174
0.364,0.104,0.035,0.06,0.125
0.374,-0.053,0.133,0.068,0.159
0.384,-0.065,0.122,0.128,0.188
0.395,0.077,0.048,0.057,0.107
0.405,0.012,0.006,0.006,0.014
0.415,-0.025,0.147,0.034,0.153
0.425,0.145,0.042,-0.016,0.152
0.435,-0.035,0.12,0.087,0.153
0.445,-0.006,0.142,-0.108,0.178
0.455,0.001,0.19,-0.034,0.193
0.465,-0.13,0.283,0.03,0.312
0.476,0.045,0.133,0.08,0.161
0.486,-0.015,0.08,-0.004,0.082
0.496,0.089,0.248,-0.059,0.27
0.506,0.097,0.199,-0.02,0.223
0.516,0.055,0.129,-0.032,0.144
0.526,0.056,0.135,-0.03,0.15
0.536,0.052,0.119,-0.039,0.136
0.546,0.001,0.13,-0.04,0.136
0.556,0.006,0.11,-0.13,0.17
0.567,0.123,0.04,0.01,0.13
0.577,0.088,0.119,0.035,0.152
0.587,0.057,0.259,0.092,0.281
0.597,0.081,0.054,0.046,0.108
0.607,0.042,0.097,0.041,0.114
0.617,0.057,0.048,0.004,0.075
0.627,0.082,0.212,-0.141,0.267
0.637,-0.078,0.186,0.001,0.202
0.648,0.101,0.018,-0.011,0.103
0.658,0.097,-0.042,0.052,0.118
0.668,0.001,0.189,0.019,0.19
0.678,0.123,0.013,-0.031,0.127
0.688,-0.085,0.186,0.114,0.234
0.698,0.07,0.069,0.035,0.104
0.708,0.051,0.175,-0.001,0.183
0.718,0.03,0.155,0.006,0.158
0.728,0.05,0.077,-0.023,0.094
0.739,0.084,0.049,-0.027,0.101
0.749,-0.059,0.165,-0.181,0.252
0.759,0.11,0.064,-0.094,0.158
0.769,0.025,0.208,-0.069,0.22
0.779,0.111,0.052,-0.0,0.122
0.789,0.088,0.146,-0.148,0.226
0.799,0.024,0.087,-0.07,0.114
0.809,0.045,0.118,-0.08,0.15
0.82,0.049,0.061,-0.027,0.083
0.83,0.146,0.102,-0.005,0.179
0.84,-0.018,-0.089,-0.082,0.122
0.85,0.024,0.051,-0.078,0.096
0.86,-0.045,0.068,-0.087,0.119
0.87,0.057,0.109,-0.067,0.14
0.88,0.012,0.218,-0.044,0.222
0.89,0.02,0.058,0.05,0.079
0.9,0.139,0.226,-0.113,0.288
0.911,0.0,0.043,0.079,0.09
0.921,0.04,0.023,-0.131,0.138
0.931,0.022,-0.04,0.022,0.05
0.941,0.025,0.159,-0.079,0.179
0.951,0.215,0.116,-0.111,0.268
0.961,-0.056,0.152,0.045,0.168
0.971,0.087,0.118,-0.043,0.153
0.981,0.194,0.106,-0.046,0.226
0.992,0.113,0.129,-0.069,0.185
1.002,0.05,0.277,-0.091,0.296
1.012,-0.023,0.066,-0.064,0.095
1.022,0.125,0.268,-0.278,0.406
1.032,0.103,0.17,-0.183,0.27
1.042,-0.046,0.13,-0.026,0.141
1.052,0.027,0.145,0.028,0.15
1.062,-0.027,-0.156,0.04,0.164
1.073,-0.127,0.077,-0.123,0.193
1.083,-0.029,0.043,-0.043,0.068
1.093,0.05,0.265,-0.211,0.342
1.103,0.079,0.067,-0.083,0.133
1.113,0.024,0.091,-0.001,0.094
1.123,0.125,0.089,-0.061,0.165
1.133,0.104,-0.013,-0.083,0.134
1.143,0.034,0.045,-0.062,0.084
1.153,0.026,0.154,0.028,0.159
1.164,0.064,-0.083,-0.079,0.131
1.174,0.039,0.111,-0.058,0.131
1.184,-0.046,0.012,0.043,0.064
1.194,0.021,0.187,-0.08,0.205
1.204,0.078,0.113,-0.179,0.226
1.214,0.117,-0.041,0.03,0.127
1.224,0.095,0.046,0.005,0.105
1.234,0.056,0.114,-0.222,0.255
1.245,0.123,0.052,-0.076,0.154
1.255,0.06,0.086,-0.069,0.126
1.265,0.029,0.072,0.028,0.082
1.275,0.122,0.141,-0.07,0.199
1.285,0.076,0.105,-0.058,0.142
1.295,0.11,0.065,-0.056,0.14
1.305,-0.04,0.068,-0.103,0.13
1.315,-0.021,-0.021,0.02,0.036
1.325,-0.019,0.181,-0.127,0.222
1.336,0.04,0.299,-0.106,0.32
1.346,0.138,0.034,-0.072,0.159
1.356,-0.041,0.063,-0.166,0.182
1.366,0.081,0.138,0.051,0.168
1.376,-0.046,0.136,-0.073,0.161
1.386,0.152,0.068,-0.016,0.168
1.396,-0.071,-0.026,-0.141,0.16
1.406,0.068,0.196,-0.025,0.209
1.417,0.076,0.103,-0.019,0.129
1.427,0.059,0.064,-0.009,0.088
1.437,-0.032,-0.013,0.058,0.067
1.447,-0.043,0.048,-0.115,0.132
1.457,0.096,-0.104,-0.089,0.167
1.467,0.081,0.099,-0.136,0.187
1.477,0.08,0.117,-0.084,0.164
1.487,0.086,0.054,-0.031,0.106
1.497,-0.076,-0.043,-0.035,0.094
1.508,-0.079,0.069,0.037,0.111
1.518,-0.026,0.094,-0.043,0.107
1.528,-0.016,-0.031,-0.078,0.085
1.538,-0.023,0.102,-0.155,0.187
1.548,0.028,0.067,-0.018,0.075
1.558,0.077,0.001,-0.09,0.118
1.568,-0.008,-0.023,-0.017,0.03
1.578,-0.041,0.005,-0.109,0.116
1.589,0.056,-0.06,0.005,0.082
1.599,-0.011,0.036,-0.052,0.065
1.609,0.012,0.058,-0.01,0.06
1.619,-0.015,0.105,-0.053,0.119
1.629,0.024,0.034,-0.144,0.15
1.639,-0.058,0.039,-0.105,0.127
1.649,0.045,-0.015,-0.169,0.176
1.659,-0.001,-0.066,-0.067,0.094
1.669,-0.046,-0.032,-0.182,0.191
1.68,0.031,0.115,-0.059,0.133
1.69,-0.048,0.049,-0.333,0.34
1.7,-0.046,0.029,-0.023,0.06
1.71,-0.076,-0.151,-0.157,0.231
1.72,-0.107,0.018,-0.147,0.183
1.73,0.026,-0.116,0.016,0.119
1.74,0.063,-0.112,-0.058,0.141
1.75,-0.035,-0.105,-0.021,0.112
1.761,-0.057,-0.077,-0.15,0.178
1.771,-0.118,0.05,-0.012,0.129
1.781,-0.141,-0.0,-0.089,0.167
1.791,0.032,-0.096,-0.071,0.124
1.801,-0.131,-0.069,0.025,0.15
1.811,-0.082,0.016,-0.161,0.181
1.821,0.003,0.03,-0.015,0.034
1.831,-0.01,-0.017,-0.052,0.056
1.841,0.003,-0.122,-0.094,0.154
1.852,-0.017,-0.065,-0.155,0.169
1.862,-0.039,0.157,-0.094,0.187
1.872,-0.087,-0.132,-0.136,0.208
1.882,-0.058,-0.007,0.005,0.058
1.892,-0.038,0.131,-0.071,0.154
1.902,-0.135,-0.063,-0.125,0.194
1.912,-0.07,0.104,-0.178,0.218
1.922,-0.046,-0.099,-0.109,0.155
1.933,-0.065,-0.204,0.01,0.214
1.943,-0.045,-0.094,-0.069,0.125
1.953,0.014,-0.11,-0.089,0.142
1.963,0.021,-0.185,0.043,0.191
1.973,0.063,-0.086,-0.104,0.15
1.983,-0.119,0.025,-0.132,0.179
1.993,-0.054,-0.104,-0.046,0.126
2.003,0.044,-0.088,-0.045,0.108
2.013,-0.135,0.05,-0.115,0.184
2.024,-0.102,-0.121,-0.129,0.204
2.034,-0.069,-0.014,0.028,0.076
2.044,0.09,-0.201,-0.103,0.243
2.054,-0.092,-0.144,-0.174,0.244
2.064,0.031,-0.085,-0.058,0.108
2.074,-0.036,0.027,-0.009,0.046
2.084,-0.104,-0.144,-0.084,0.197
2.094,0.132,-0.146,-0.033,0.2
2.105,-0.025,-0.052,-0.143,0.155
2.115,-0.015,-0.041,-0.026,0.05
2.125,-0.006,-0.16,-0.136,0.21
2.135,-0.011,-0.12,-0.047,0.13
2.145,0.09,0.007,-0.014,0.091
2.155,0.067,-0.176,-0.061,0.198
2.165,-0.096,-0.055,-0.153,0.189
2.175,0.08,-0.125,-0.15,0.211
2.185,-0.083,0.027,0.046,0.099
2.196,-0.023,-0.04,-0.119,0.128
2.206,-0.13,-0.018,-0.011,0.131
2.216,0.019,-0.132,-0.056,0.145
2.226,-0.062,-0.025,-0.134,0.149
2.236,-0.113,-0.028,-0.1,0.153
2.246,0.027,-0.051,0.057,0.081
2.256,0.041,-0.117,0.183,0.221
2.266,0.043,-0.082,-0.083,0.125
2.277,-0.137,-0.245,-0.087,0.294
2.287,0.048,0.043,-0.174,0.186
2.297,-0.064,-0.147,-0.174,0.237
2.307,0.076,-0.127,-0.118,0.189
2.317,-0.01,-0.206,-0.089,0.225
2.327,-0.032,-0.048,-0.058,0.082
2.337,-0.047,-0.061,-0.008,0.077
2.347,-0.049,-0.127,-0.04,0.142
2.357,-0.089,-0.292,-0.005,0.305
2.368,-0.113,-0.163,-0.097,0.22
2.378,-0.07,-0.07,-0.058,0.115
2.388,0.023,-0.087,-0.078,0.119
2.398,-0.133,-0.112,-0.14,0.223
2.408,0.031,-0.143,-0.189,0.239
2.418,-0.041,-0.236,-0.097,0.258
2.428,-0.003,-0.034,-0.223,0.225
2.438,0.0,-0.227,-0.128,0.26
2.449,0.006,-0.128,-0.009,0.129
2.459,-0.049,-0.196,-0.034,0.204
2.469,-0.047,-0.034,-0.044,0.073
2.479,0.004,-0.067,0.038,0.077
2.489,-0.112,-0.143,-0.095,0.205
2.499,-0.122,-0.06,0.004,0.136
2.509,-0.078,-0.235,-0.099,0.267
2.519,-0.033,-0.122,-0.022,0.129
2.529,0.065,-0.201,-0.03,0.213
2.54,-0.047,-0.035,-0.025,0.064
2.55,0.07,-0.087,-0.066,0.13
2.56,-0.019,-0.066,-0.016,0.07
2.57,-0.077,-0.162,-0.009,0.18
2.58,0.019,-0.059,-0.136,0.15
2.59,-0.064,-0.208,0.024,0.219
2.6,-0.034,-0.197,-0.121,0.234
2.61,-0.129,-0.133,-0.095,0.208
2.621,-0.139,-0.194,-0.016,0.239
2.631,-0.015,-0.063,0.01,0.065
2.641,0.018,-0.158,-0.015,0.159
2.651,0.069,-0.206,-0.007,0.218
2.661,-0.096,-0.217,-0.108,0.261
2.671,0.04,-0.064,-0.065,0.1
2.681,0.032,-0.324,-0.17,0.367
2.691,-0.076,-0.201,-0.09,0.233
2.701,0.037,-0.008,-0.119,0.125
2.712,0.011,-0.147,-0.023,0.15
2.722,0.023,-0.062,0.142,0.157
2.732,0.085,-0.085,0.031,0.124
2.742,0.021,-0.135,-0.178,0.224
2.752,-0.173,-0.252,-0.126,0.331
2.762,-0.025,-0.225,-0.11,0.252
2.772,-0.138,-0.226,-0.141,0.3
2.782,-0.034,-0.08,-0.037,0.094
2.793,-0.037,-0.065,-0.0,0.074
2.803,-0.077,-0.188,-0.106,0.229
2.813,-0.103,-0.124,-0.03,0.164
2.823,-0.073,-0.116,0.002,0.137
2.833,-0.061,-0.11,0.037,0.131
2.843,-0.048,-0.177,-0.0,0.183
2.853,-0.033,0.015,0.013,0.039
2.863,-0.004,-0.061,-0.012,0.062
2.873,-0.057,-0.109,-0.079,0.146
2.884,0.039,-0.156,-0.063,0.172
2.894,-0.039,-0.18,-0.099,0.209
2.904,0.019,-0.081,0.1,0.13
2.914,-0.054,-0.15,-0.107,0.192
2.924,0.13,-0.101,0.064,0.176
2.934,-0.006,-0.263,-0.104,0.283
2.944,0.065,-0.152,0.053,0.174
2.954,-0.074,-0.118,0.068,0.155
2.965,-0.059,-0.031,0.082,0.105
2.975,-0.046,-0.181,-0.071,0.2
2.985,0.118,-0.226,0.015,0.255
2.995,-0.043,-0.07,-0.038,0.09
3.005,-0.078,-0.11,-0.057,0.147
3.015,0.05,-0.242,0.009,0.247
3.025,-0.024,-0.237,0.064,0.246
3.035,-0.04,-0.154,-0.034,0.162
3.045,-0.062,-0.108,0.032,0.129
3.056,0.004,0.011,-0.053,0.055
3.066,0.04,-0.185,-0.062,0.199
3.076,0.024,-0.055,-0.011,0.061
3.086,-0.051,-0.253,-0.005,0.259
3.096,-0.081,-0.067,0.061,0.121
3.106,-0.262,0.026,-0.072,0.273
3.116,-0.077,-0.082,0.167,0.201
3.126,-0.041,-0.145,-0.108,0.186
3.137,-0.022,0.008,0.034,0.041
3.147,-0.033,-0.061,-0.001,0.07
3.157,0.152,-0.076,-0.025,0.171
3.167,0.014,-0.168,0.009,0.169
3.177,-0.089,-0.056,0.069,0.126
3.187,0.026,-0.139,0.081,0.163
3.197,0.011,-0.058,0.009,0.059
3.207,-0.075,-0.077,0.048,0.118
3.218,0.006,0.007,-0.067,0.068
3.228,0.022,-0.125,0.014,0.127
3.238,0.053,-0.089,0.056,0.117
3.248,-0.115,-0.012,-0.131,0.174
3.258,0.032,-0.093,0.035,0.104
3.268,0.078,-0.074,0.019,0.11
3.278,0.108,-0.104,0.121,0.192
3.288,-0.078,-0.083,0.044,0.122
3.298,-0.012,-0.014,0.067,0.07
3.309,-0.005,0.08,0.015,0.082
3.319,0.039,-0.199,0.08,0.218
3.329,-0.01,-0.164,0.076,0.181
3.339,-0.042,-0.073,-0.054,0.1
3.349,0.015,-0.056,0.06,0.083
3.359,-0.018,-0.076,0.122,0.144
3.369,0.037,-0.101,0.109,0.153
3.379,-0.044,-0.153,0.043,0.165
3.39,-0.056,-0.102,0.064,0.133
3.4,0.085,0.014,0.107,0.137
3.41,0.144,-0.042,-0.036,0.154
3.42,0.117,0.006,0.077,0.141
3.43,0.005,-0.142,-0.093,0.17
3.44,0.073,0.071,0.106,0.147
3.45,-0.03,-0.088,0.02,0.095
3.46,0.042,-0.003,0.041,0.059
3.47,-0.022,-0.049,0.009,0.055
3.481,0.089,-0.08,0.046,0.129
3.491,0.082,-0.001,0.068,0.106
3.501,0.14,0.014,0.104,0.175
3.511,0.003,0.183,0.142,0.232
3.521,0.112,0.021,0.056,0.127
3.531,0.049,0.022,-0.063,0.083
3.541,0.024,0.065,0.145,0.161
3.551,0.04,0.018,-0.048,0.066
3.562,0.123,-0.026,0.026,0.128
3.572,0.014,0.005,0.022,0.026
3.582,0.018,0.05,0.058,0.078
3.592,-0.101,0.094,-0.031,0.141
3.602,0.015,-0.136,-0.034,0.141
3.612,0.041,-0.164,0.057,0.179
3.622,-0.02,0.097,0.004,0.099
3.632,-0.034,-0.073,0.154,0.174
3.642,-0.084,-0.14,0.022,0.165
3.653,-0.007,-0.146,-0.01,0.146
3.663,0.114,0.141,0.179,0.255
3.673,-0.059,0.069,0.096,0.132
3.683,0.078,-0.063,0.254,0.273
3.693,0.084,-0.058,-0.071,0.124
3.703,0.179,0.008,0.079,0.196
3.713,0.095,0.075,0.099,0.156
3.723,0.091,-0.016,0.068,0.114
3.734,0.056,-0.053,0.041,0.088
3.744,0.035,0.102,0.154,0.188
3.754,0.087,0.011,0.1,0.133
3.764,0.111,0.0,-0.05,0.122
3.774,0.047,0.065,0.008,0.08
3.784,0.115,-0.152,-0.012,0.191
3.794,0.211,0.059,0.061,0.228
3.804,0.043,0.056,0.137,0.154
3.814,0.045,-0.085,0.044,0.106
3.825,0.034,-0.129,0.053,0.143
3.835,0.049,-0.017,0.003,0.051
3.845,0.114,0.045,0.125,0.176
3.855,0.047,0.055,0.159,0.174
3.865,0.053,0.17,0.071,0.192
3.875,0.028,0.051,0.184,0.193
3.885,0.072,-0.074,0.036,0.11
3.895,0.013,0.019,-0.024,0.033
3.906,-0.03,-0.063,0.131,0.148
3.916,0.071,0.029,0.068,0.103
3.926,0.164,0.158,0.034,0.23
3.936,0.028,0.083,0.081,0.119
3.946,-0.017,-0.009,-0.035,0.04
3.956,0.161,0.098,-0.046,0.194
3.966,0.049,-0.01,0.083,0.097
3.976,0.103,-0.167,0.107,0.224
3.986,0.003,-0.043,0.175,0.18
3.997,0.048,0.094,0.139,0.175
4.007,0.132,0.12,0.122,0.216
4.017,0.056,0.198,0.167,0.265
4.027,0.057,0.089,0.112,0.154
4.037,-0.041,0.171,0.054,0.184
4.047,0.096,0.116,0.142,0.207
4.057,0.002,0.142,0.14,0.199
4.067,0.116,0.156,0.078,0.21
4.078,0.061,0.109,-0.005,0.125
4.088,0.067,0.157,-0.046,0.177
4.098,0.096,0.017,0.138,0.169
4.108,0.072,-0.12,0.113,0.18
4.118,0.153,0.128,0.123,0.234
4.128,0.143,0.107,0.141,0.228
4.138,-0.023,0.009,0.017,0.03
4.148,0.04,-0.021,-0.052,0.068
4.158,0.1,0.092,0.116,0.179
4.169,-0.007,0.14,0.164,0.216
4.179,-0.044,0.126,0.105,0.17
4.189,0.004,0.004,-0.024,0.025
4.199,0.043,0.023,0.097,0.109
4.209,-0.194,0.142,0.001,0.24
4.219,-0.017,0.096,-0.028,0.101
4.229,-0.057,0.176,0.079,0.201
4.239,0.118,0.066,0.091,0.164
4.25,0.105,0.153,0.073,0.199
4.26,0.066,0.091,0.11,0.158
4.27,0.055,0.038,0.024,0.071
4.28,0.082,0.171,0.086,0.208
4.29,-0.011,0.019,0.046,0.05
4.3,0.124,0.105,0.062,0.174
4.31,0.054,0.114,0.098,0.16
4.32,0.103,0.092,0.153,0.206
4.33,0.1,0.181,0.099,0.23
4.341,0.079,0.149,0.123,0.209
4.351,0.066,0.14,0.079,0.174
4.361,0.061,0.111,0.113,0.169
4.371,0.043,0.254,0.151,0.299
4.381,0.075,0.224,0.21,0.316
4.391,0.058,0.181,0.163,0.25
4.401,0.016,0.169,0.074,0.185
4.411,0.081,0.061,0.157,0.187
4.422,0.061,0.106,0.115,0.168
4.432,0.116,0.162,0.034,0.202
4.442,-0.065,0.196,0.116,0.237
4.452,0.045,0.184,-0.003,0.189
4.462,-0.001,0.159,0.115,0.197
4.472,0.011,0.274,0.198,0.338
4.482,0.075,0.103,0.133,0.184
4.492,-0.045,0.196,0.159,0.256
4.502,0.048,0.187,0.048,0.199
4.513,0.042,0.151,0.108,0.19
4.523,-0.024,0.155,0.123,0.199
4.533,0.048,0.154,0.052,0.169
4.543,-0.008,0.061,0.121,0.135
4.553,0.169,0.15,0.104,0.249
4.563,0.109,0.178,0.121,0.241
4.573,0.04,0.144,-0.001,0.149
4.583,0.009,-0.029,0.16,0.163
4.594,0.065,-0.008,0.102,0.121
4.604,0.08,0.054,0.062,0.114
4.614,0.049,0.11,0.063,0.136
4.624,-0.028,0.058,0.066,0.093
4.634,0.019,0.171,0.011,0.173
4.644,0.036,0.215,0.151,0.265
4.654,0.048,0.227,0.135,0.268
4.664,0.048,0.147,0.139,0.208
4.674,0.073,0.207,0.172,0.279
4.685,0.109,0.075,0.079,0.154
4.695,0.088,0.108,-0.051,0.148
4.705,0.062,0.027,0.109,0.128
4.715,-0.05,0.216,0.105,0.246
4.725,0.096,0.277,0.172,0.34
4.735,0.073,0.092,0.139,0.182
4.745,0.008,-0.054,0.072,0.09
4.755,0.024,0.043,0.051,0.071
4.766,0.025,0.067,0.131,0.149
4.776,-0.006,0.013,-0.126,0.126
4.786,-0.085,0.036,0.076,0.12
4.796,-0.048,0.134,0.125,0.19
4.806,-0.037,0.17,0.05,0.181
4.816,-0.101,-0.048,0.031,0.116
4.826,-0.051,0.074,0.077,0.119
4.836,0.084,0.119,0.151,0.21
4.846,0.043,0.031,0.087,0.102
4.857,-0.045,0.134,0.007,0.142
4.867,-0.029,0.106,0.139,0.177
4.877,0.085,0.079,0.152,0.191
4.887,0.083,0.045,-0.004,0.094
4.897,0.014,0.135,0.247,0.282
4.907,0.079,0.051,0.051,0.107
4.917,-0.038,-0.027,0.116,0.125
4.927,0.02,0.113,0.1,0.152
4.938,-0.083,0.011,-0.0,0.083
4.948,-0.017,-0.022,0.016,0.032
4.958,0.006,0.119,0.051,0.13
4.968,-0.098,0.095,-0.085,0.161
4.978,0.038,0.038,0.103,0.116
4.988,0.047,0.125,-0.088,0.16
4.998,0.061,0.139,0.044,0.158
5.008,0.139,0.124,-0.005,0.186
5.018,0.023,0.12,0.082,0.147
5.029,-0.007,-0.026,-0.114,0.117
5.039,-0.1,0.205,-0.076,0.241
5.049,0.019,0.145,-0.003,0.146
5.059,0.028,0.023,0.074,0.083
5.069,-0.088,0.098,0.053,0.141
5.079,-0.022,0.112,0.11,0.158
5.089,-0.008,0.093,0.043,0.103
5.099,0.022,0.239,0.033,0.242
5.11,0.041,-0.062,-0.041,0.085
5.12,-0.043,-0.025,0.017,0.053
5.13,-0.0,-0.092,0.03,0.097
5.14,0.021,0.097,-0.113,0.15
5.15,-0.025,0.132,-0.032,0.139
5.16,-0.04,0.117,0.061,0.138
5.17,0.027,0.063,0.041,0.08
5.18,-0.027,0.118,0.009,0.121
5.191,-0.089,0.06,-0.016,0.109
5.201,0.064,0.142,-0.097,0.183
5.211,-0.085,0.169,-0.128,0.229
5.221,-0.026,0.005,0.002,0.026
5.231,-0.002,0.055,0.126,0.138
5.241,0.005,0.067,0.024,0.071
5.251,-0.013,0.189,0.092,0.211
5.261,-0.2,0.009,-0.063,0.21
5.271,-0.067,0.16,0.038,0.177
5.282,-0.008,-0.047,-0.032,0.057
5.292,-0.033,0.168,-0.036,0.175
5.302,0.004,0.136,0.067,0.151
5.312,0.034,0.053,0.006,0.063
5.322,0.002,0.138,-0.084,0.161
5.332,-0.073,0.023,0.019,0.079
5.342,-0.062,-0.013,-0.039,0.075
5.352,0.067,0.196,-0.091,0.226
5.363,-0.042,0.014,-0.06,0.075
5.373,-0.038,0.11,0.151,0.191
5.383,-0.002,0.143,0.092,0.17
5.393,0.04,0.117,-0.135,0.183
5.403,-0.089,0.099,-0.008,0.133
5.413,-0.065,0.104,-0.004,0.122
5.423,-0.132,0.132,-0.016,0.187
5.433,-0.054,0.071,-0.044,0.1
5.443,-0.003,0.041,0.053,0.067
5.454,-0.06,-0.067,0.066,0.112
5.464,0.067,0.066,0.072,0.119
5.474,-0.032,0.121,0.021,0.127
5.484,-0.046,-0.051,0.04,0.079
5.494,-0.061,0.017,-0.028,0.069
5.504,-0.122,0.067,-0.115,0.181
5.514,-0.047,0.152,-0.118,0.198
5.524,-0.02,-0.063,-0.067,0.094
5.535,-0.049,0.091,-0.022,0.106
5.545,-0.029,-0.003,-0.099,0.103
5.555,-0.084,-0.03,-0.089,0.126
5.565,-0.118,-0.052,-0.038,0.135
5.575,-0.051,-0.032,0.048,0.077
5.585,-0.031,0.058,0.01,0.067
5.595,-0.055,-0.002,-0.075,0.093
5.605,-0.033,0.071,-0.012,0.08
5.615,0.001,-0.077,-0.109,0.134
5.626,0.0,0.066,-0.078,0.102
5.636,0.005,0.043,-0.134,0.141
5.646,0.013,-0.114,0.011,0.115
5.656,-0.017,0.125,-0.04,0.133
5.666,-0.026,0.03,-0.032,0.051
5.676,0.069,0.062,0.034,0.099
5.686,-0.001,0.092,-0.093,0.13
5.696,-0.099,0.075,0.009,0.124
5.707,-0.16,-0.015,0.114,0.197
5.717,-0.063,0.051,-0.095,0.125
5.727,-0.012,-0.153,-0.136,0.205
5.737,0.008,0.021,-0.116,0.118
5.747,-0.124,0.126,-0.002,0.177
5.757,-0.006,-0.07,0.093,0.116
5.767,0.018,0.057,0.089,0.107
5.777,-0.013,0.124,0.028,0.128
5.787,-0.025,0.035,0.029,0.052
5.798,-0.058,0.06,-0.001,0.084
5.808,-0.078,-0.149,0.016,0.169
5.818,-0.003,-0.1,-0.014,0.101
5.828,-0.015,0.087,-0.092,0.128
5.838,-0.07,0.048,0.083,0.118
5.848,0.103,0.009,0.055,0.117
5.858,-0.141,-0.054,-0.093,0.177
5.868,-0.064,-0.012,0.006,0.065
5.879,-0.096,0.103,0.062,0.153
5.889,-0.027,-0.046,-0.012,0.055
5.899,-0.167,0.016,-0.057,0.177
5.909,0.027,0.012,0.057,0.064
5.919,0.011,-0.097,-0.026,0.101
5.929,-0.033,-0.093,-0.089,0.133
5.939,-0.068,0.075,-0.126,0.162
5.949,-0.006,-0.003,-0.252,0.252
5.959,-0.029,-0.105,0.091,0.142
5.97,0.009,-0.077,-0.107,0.132
5.98,-0.055,-0.133,0.018,0.145
5.99,-0.059,0.029,-0.114,0.132
6.0,0.017,-0.078,-0.039,0.089
6.01,-0.009,-0.078,-0.02,0.081
6.02,-0.057,0.006,-0.139,0.15
6.03,-0.025,-0.197,0.014,0.199
6.04,-0.035,-0.067,-0.068,0.102
6.051,-0.018,-0.067,-0.016,0.071
6.061,0.031,-0.09,0.047,0.106
6.071,-0.066,-0.113,-0.004,0.131
6.081,-0.083,-0.127,-0.063,0.165
6.091,-0.028,-0.049,0.079,0.097
6.101,-0.076,-0.154,-0.061,0.183
6.111,-0.098,-0.062,-0.052,0.127
6.121,0.017,-0.121,-0.071,0.141
6.131,-0.06,-0.117,-0.146,0.196
6.142,-0.154,-0.064,-0.154,0.227
6.152,0.01,-0.121,-0.1,0.157
6.162,-0.067,0.019,-0.133,0.15
6.172,-0.005,-0.095,-0.082,0.126
6.182,0.025,-0.001,-0.006,0.026
6.192,-0.028,-0.147,-0.093,0.176
6.202,-0.161,-0.15,-0.049,0.225
6.212,-0.156,-0.222,-0.101,0.289
6.223,-0.077,-0.129,0.112,0.188
6.233,-0.04,-0.11,0.039,0.123
6.243,0.036,-0.086,-0.084,0.126
6.253,-0.018,-0.038,-0.048,0.064
6.263,0.123,-0.045,-0.162,0.208
6.273,-0.123,-0.005,-0.084,0.149
6.283,-0.026,-0.168,-0.111,0.203
6.293,-0.059,-0.096,-0.018,0.114
6.303,-0.018,-0.179,-0.135,0.225
6.314,0.074,-0.067,0.045,0.11
6.324,0.079,0.043,-0.076,0.117
6.334,-0.026,-0.198,-0.132,0.24
6.344,0.023,-0.049,-0.07,0.088
6.354,-0.015,-0.021,-0.021,0.033
6.364,-0.092,-0.177,-0.036,0.202
6.374,-0.025,-0.071,-0.062,0.098
6.384,-0.056,-0.136,-0.012,0.147
6.395,-0.028,-0.118,-0.017,0.122
6.405,-0.075,-0.14,-0.017,0.16
6.415,-0.014,-0.128,-0.094,0.159
6.425,-0.004,-0.018,-0.095,0.097
6.435,0.021,-0.117,-0.09,0.149
6.445,-0.002,-0.16,-0.11,0.194
6.455,0.079,-0.107,-0.069,0.15
6.465,0.113,-0.283,-0.077,0.314
6.475,-0.042,-0.179,0.039,0.188
6.486,0.041,-0.014,-0.112,0.121
6.496,0.111,-0.127,-0.146,0.223
6.506,0.045,-0.154,-0.032,0.163
6.516,0.029,-0.102,-0.073,0.129
6.526,-0.122,-0.058,-0.126,0.185
6.536,-0.046,-0.011,-0.023,0.052
6.546,-0.036,-0.153,-0.098,0.186
6.556,0.073,-0.152,0.028,0.171
6.567,-0.053,-0.136,-0.145,0.206
6.577,-0.014,-0.036,-0.12,0.126
6.587,0.043,-0.114,-0.07,0.141
6.597,-0.053,0.054,0.016,0.078
6.607,0.011,-0.132,-0.129,0.185
6.617,0.004,0.022,-0.053,0.058
6.627,0.049,-0.191,-0.161,0.255
6.637,0.037,-0.231,-0.016,0.234
6.647,0.036,-0.128,-0.125,0.183
6.658,0.011,-0.029,-0.037,0.048
6.668,-0.1,-0.158,-0.033,0.19
6.678,0.009,-0.169,-0.207,0.268
6.688,0.005,-0.038,-0.065,0.076
6.698,0.049,-0.064,-0.115,0.141
6.708,-0.021,-0.183,-0.045,0.19
6.718,0.007,-0.188,-0.141,0.235
6.728,0.01,-0.053,-0.121,0.132
6.739,-0.036,-0.25,0.004,0.253
6.749,-0.061,-0.033,-0.001,0.07
6.759,0.032,-0.064,-0.149,0.165
6.769,0.07,-0.301,0.046,0.313
6.779,-0.027,-0.117,-0.26,0.287
6.789,-0.002,-0.277,-0.065,0.284
6.799,0.062,-0.214,-0.169,0.28
6.809,0.069,-0.158,-0.053,0.18
6.819,0.028,-0.219,-0.097,0.241
6.83,0.04,0.061,-0.15,0.167
6.84,0.048,-0.047,-0.13,0.147
6.85,0.06,-0.006,-0.134,0.147
6.86,-0.046,-0.127,-0.073,0.153
6.87,0.134,-0.112,-0.01,0.175
6.88,0.036,0.012,0.059,0.07
6.89,0.064,-0.079,-0.09,0.136
6.9,-0.024,-0.064,-0.057,0.089
6.911,0.011,-0.185,0.006,0.186
6.921,0.046,-0.185,-0.108,0.219
6.931,-0.084,-0.09,-0.132,0.18
6.941,-0.029,-0.08,0.06,0.104
6.951,-0.018,-0.189,-0.089,0.21
6.961,-0.05,-0.08,-0.061,0.112
6.971,0.034,-0.206,-0.188,0.28
6.981,0.024,-0.106,-0.112,0.156
6.991,0.114,-0.221,0.057,0.255
7.002,-0.038,0.001,-0.042,0.057
7.012,0.044,-0.129,-0.076,0.156
7.022,-0.022,-0.159,0.024,0.162
7.032,-0.071,-0.194,-0.188,0.28
7.042,0.068,-0.201,-0.102,0.235
7.052,0.073,-0.065,0.087,0.131
7.062,0.067,-0.019,-0.076,0.103
7.072,-0.044,-0.026,-0.076,0.091
7.083,0.04,0.015,0.011,0.044
7.093,0.072,0.044,0.017,0.086
7.103,0.094,-0.018,-0.161,0.187
7.113,0.075,-0.134,-0.04,0.158
7.123,0.096,-0.079,0.054,0.135
7.133,0.103,-0.272,-0.114,0.312
7.143,0.045,-0.039,-0.094,0.112
7.153,0.07,-0.077,-0.066,0.123
7.163,0.1,0.04,-0.018,0.11
7.174,0.064,-0.145,-0.166,0.23
7.184,0.113,-0.043,-0.284,0.309
7.194,0.094,-0.163,-0.05,0.195
7.204,0.004,-0.091,0.017,0.092
7.214,-0.035,-0.211,-0.086,0.231
7.224,0.045,0.029,-0.106,0.119
7.234,-0.027,0.007,-0.075,0.08
7.244,0.049,-0.114,0.05,0.134
7.255,0.044,-0.054,-0.108,0.129
7.265,0.123,-0.07,-0.021,0.143
7.275,0.076,-0.121,-0.141,0.2
7.285,0.105,-0.06,-0.137,0.183
7.295,0.017,-0.104,0.0,0.105
7.305,0.138,0.012,0.056,0.15
7.315,0.101,-0.082,0.005,0.13
7.325,0.073,0.128,-0.201,0.249
7.336,-0.061,-0.068,-0.086,0.125
7.346,0.119,-0.051,-0.039,0.135
7.356,0.155,-0.017,-0.05,0.163
7.366,0.049,0.01,-0.188,0.195
7.376,0.051,-0.049,-0.144,0.16
7.386,0.018,-0.013,-0.109,0.111
7.396,-0.049,-0.037,-0.056,0.083
7.406,0.015,-0.113,-0.186,0.218
7.416,0.149,-0.132,-0.008,0.199
7.427,0.114,0.009,-0.056,0.127
7.437,0.003,0.076,-0.121,0.143
7.447,0.015,-0.174,-0.034,0.178
7.457,0.178,-0.156,-0.148,0.279
7.467,-0.011,-0.155,-0.05,0.163
7.477,0.007,0.024,-0.171,0.173
7.487,0.024,0.033,-0.16,0.165
7.497,-0.031,-0.112,-0.075,0.139
7.508,0.018,0.144,-0.093,0.172
7.518,0.019,-0.061,-0.015,0.066
7.528,-0.004,0.086,-0.042,0.096
7.538,0.13,0.038,0.107,0.172
7.548,-0.02,-0.102,-0.058,0.119
7.558,0.041,-0.057,-0.269,0.278
7.568,-0.003,-0.091,-0.18,0.201
7.578,0.037,-0.127,-0.12,0.179
7.588,-0.006,-0.038,0.201,0.205
7.599,0.054,-0.112,-0.037,0.129
7.609,0.068,-0.028,0.044,0.086
7.619,0.133,0.143,0.038,0.199
7.629,0.013,0.046,-0.12,0.13
7.639,0.145,-0.053,-0.156,0.22
7.649,-0.0,-0.057,0.015,0.059
7.659,0.033,-0.036,-0.184,0.191
7.669,0.153,0.163,0.04,0.228
7.68,0.221,-0.087,-0.035,0.241
7.69,0.148,0.001,0.017,0.149
7.7,0.033,0.041,-0.004,0.053
7.71,0.077,0.103,0.001,0.128
7.72,0.087,-0.019,-0.016,0.09
7.73,0.066,-0.068,-0.003,0.095
7.74,-0.016,0.034,-0.018,0.042
7.75,0.059,0.118,-0.117,0.176
7.76,0.014,-0.007,-0.047,0.049
7.771,-0.014,-0.05,0.134,0.144
7.781,0.024,0.027,0.005,0.037
7.791,0.062,-0.109,0.064,0.141
7.801,0.102,0.005,-0.084,0.133
7.811,0.026,0.118,-0.084,0.148
7.821,0.036,0.096,-0.098,0.142
7.831,0.089,0.016,-0.106,0.139
7.841,0.044,0.163,-0.125,0.21
7.852,0.062,0.184,0.006,0.195
7.862,0.044,0.087,-0.034,0.103
7.872,0.05,-0.082,0.053,0.11
7.882,-0.027,-0.113,-0.029,0.12
7.892,0.044,0.15,-0.174,0.234
7.902,0.122,0.06,0.026,0.139
7.912,0.046,0.173,-0.146,0.231
7.922,-0.015,-0.063,0.012,0.066
7.932,0.123,0.033,-0.056,0.139
7.943,0.077,0.13,0.015,0.152
7.953,0.079,-0.009,-0.101,0.129
7.963,0.077,0.132,0.055,0.163
7.973,-0.036,0.043,0.005,0.057
7.983,0.07,0.057,-0.021,0.092
7.993,0.113,-0.038,-0.115,0.166
8.003,0.0,0.078,0.132,0.153
8.013,-0.087,0.235,-0.058,0.257
8.024,0.05,0.092,0.025,0.108
8.034,0.029,-0.0,-0.058,0.065
8.044,-0.067,0.176,0.273,0.332
8.054,0.061,0.005,0.02,0.065
8.064,0.056,0.205,-0.032,0.215
8.074,-0.064,-0.033,0.054,0.09
8.084,0.136,0.093,0.066,0.177
8.094,0.067,0.195,0.042,0.21
8.104,-0.093,0.005,-0.008,0.093
8.115,0.069,0.082,0.047,0.117
8.125,0.067,0.17,0.006,0.182
8.135,0.103,-0.102,0.016,0.146
8.145,-0.02,0.154,-0.036,0.159
8.155,0.066,0.074,-0.082,0.129
8.165,0.001,0.198,0.06,0.207
8.175,-0.019,0.018,0.064,0.069
8.185,-0.038,-0.026,0.114,0.123
8.196,-0.101,0.043,0.027,0.114
8.206,0.044,0.043,0.01,0.062
8.216,-0.005,0.073,-0.073,0.103
8.226,-0.154,0.053,0.024,0.164
8.236,0.014,-0.069,0.053,0.088
8.246,0.078,0.085,-0.099,0.152
8.256,-0.071,0.113,0.104,0.169
8.266,-0.036,0.08,-0.019,0.09
8.276,0.032,0.119,0.018,0.125
8.287,-0.149,0.104,0.074,0.197
8.297,-0.029,-0.012,0.033,0.045
8.307,0.023,0.076,0.133,0.154
8.317,-0.032,0.11,0.079,0.139
8.327,-0.077,0.083,0.026,0.116
8.337,-0.075,-0.017,-0.181,0.197
8.347,-0.098,0.202,0.108,0.249
8.357,-0.04,0.027,-0.044,0.065
8.368,0.06,0.006,0.099,0.116
8.378,0.138,0.11,0.075,0.191
8.388,-0.003,0.082,0.028,0.087
8.398,0.04,0.156,0.109,0.195
8.408,-0.063,0.179,0.08,0.206
8.418,-0.133,0.168,0.067,0.224
8.428,0.102,0.11,-0.075,0.168
8.438,-0.046,0.156,0.049,0.169
8.448,0.032,-0.013,-0.04,0.053
8.459,-0.002,0.2,-0.029,0.202
8.469,0.047,0.081,0.023,0.096
8.479,0.044,0.272,0.151,0.314
8.489,0.002,0.205,0.075,0.218
8.499,0.008,0.099,0.081,0.128
8.509,0.056,0.117,0.105,0.167
8.519,-0.042,0.211,-0.009,0.215
8.529,0.075,-0.064,-0.057,0.114
8.54,-0.061,0.104,-0.069,0.139
8.55,-0.015,0.254,0.071,0.264
8.56,0.017,0.185,0.124,0.224
8.57,-0.119,0.051,0.12,0.177
8.58,0.06,0.144,-0.002,0.156
8.59,0.005,0.041,0.152,0.158
8.6,0.174,0.092,0.201,0.281
8.61,0.1,0.146,0.101,0.204
8.62,-0.026,0.16,0.164,0.23
8.631,0.081,0.178,0.121,0.23
8.641,0.023,0.218,0.045,0.224
8.651,-0.014,0.024,0.015,0.032
8.661,-0.129,0.122,-0.051,0.184
8.671,-0.115,0.052,0.032,0.13
8.681,-0.03,0.088,0.047,0.104
8.691,-0.061,0.06,0.049,0.098
8.701,-0.018,0.16,0.057,0.171
8.712,0.05,0.204,-0.095,0.231
8.722,0.018,0.208,0.12,0.241
8.732,-0.076,0.031,0.129,0.153
8.742,0.021,0.11,0.093,0.145
8.752,-0.09,0.029,-0.014,0.096
8.762,-0.105,0.026,0.094,0.143
8.772,-0.014,0.066,0.07,0.097
8.782,-0.086,0.146,0.102,0.198
8.792,-0.077,0.16,0.178,0.251
8.803,0.021,0.17,0.058,0.181
8.813,0.0,0.165,0.083,0.185
8.823,-0.062,0.049,0.01,0.08
8.833,-0.138,0.211,0.136,0.287
8.843,-0.085,0.18,0.121,0.233
8.853,0.075,0.083,0.088,0.142
8.863,0.016,0.085,-0.001,0.087
8.873,0.043,0.062,0.025,0.08
8.884,-0.028,0.011,-0.055,0.062
8.894,-0.065,0.167,0.025,0.181
8.904,0.01,0.179,0.124,0.218
8.914,0.032,0.038,0.102,0.114
8.924,-0.074,0.013,0.086,0.114
8.934,-0.088,0.036,0.179,0.203
8.944,-0.137,0.119,0.097,0.206
8.954,-0.09,-0.001,0.036,0.097
8.964,-0.006,0.199,0.027,0.201
8.975,-0.083,0.193,0.06,0.218
8.985,0.009,0.141,0.045,0.148
8.995,0.071,0.171,0.144,0.234
9.005,-0.046,0.11,0.107,0.16
9.015,-0.049,0.141,0.055,0.159
9.025,-0.015,-0.001,0.058,0.06
9.035,-0.083,0.213,0.127,0.262
9.045,-0.088,0.062,0.149,0.184
9.056,-0.086,0.09,-0.05,0.134
9.066,-0.118,0.298,0.067,0.327
9.076,0.005,0.08,0.085,0.117
9.086,-0.079,0.156,0.117,0.211
9.096,0.017,0.137,0.087,0.163
9.106,-0.018,-0.012,0.108,0.11
9.116,-0.051,0.013,0.063,0.082
9.126,-0.001,0.255,0.023,0.256
9.136,-0.107,0.137,0.135,0.22
9.147,-0.097,0.088,0.137,0.189
9.157,-0.007,0.045,0.125,0.134
9.167,-0.182,0.112,0.138,0.254
9.177,-0.049,0.119,0.012,0.129
9.187,-0.015,0.102,0.044,0.112
9.197,0.029,0.168,0.158,0.233
9.207,0.041,0.012,0.105,0.113
9.217,-0.058,-0.0,0.084,0.102
9.228,-0.003,0.162,0.062,0.174
9.238,-0.098,0.246,0.169,0.314
9.248,-0.076,0.143,-0.044,0.168
9.258,0.033,0.178,0.1,0.207
9.268,-0.051,0.067,0.075,0.113
9.278,-0.039,0.092,-0.008,0.101
9.288,-0.111,0.09,0.193,0.24
9.298,-0.023,0.064,-0.109,0.128
9.308,-0.003,0.179,0.088,0.2
9.319,-0.005,0.154,0.116,0.193
9.329,-0.12,0.031,0.011,0.125
9.339,0.013,-0.07,0.098,0.121
9.349,-0.107,0.055,0.063,0.136
9.359,-0.048,-0.034,0.148,0.159
9.369,-0.143,0.058,0.324,0.359
9.379,-0.057,-0.031,0.102,0.121
9.389,-0.106,0.154,0.12,0.222
9.4,-0.072,0.106,0.009,0.129
9.41,-0.041,0.103,0.092,0.144
9.42,0.005,0.134,0.051,0.143
9.43,0.004,0.078,0.131,0.153
9.44,-0.184,0.088,-0.023,0.205
9.45,-0.002,0.157,0.001,0.157
9.46,-0.03,0.03,0.158,0.164
9.47,-0.076,0.088,0.09,0.147
9.481,-0.094,-0.047,0.168,0.198
9.491,-0.045,0.042,0.1,0.118
9.501,-0.027,0.214,0.11,0.243
9.511,-0.017,0.097,0.052,0.112
9.521,-0.051,0.023,0.06,0.082
9.531,-0.19,0.049,0.141,0.242
9.541,-0.068,0.025,0.063,0.096
9.551,-0.108,0.043,0.155,0.194
9.561,0.087,-0.009,0.064,0.108
9.572,-0.033,0.06,-0.011,0.069
9.582,0.009,0.061,-0.018,0.064
9.592,0.003,0.017,0.059,0.061
9.602,-0.015,0.026,0.134,0.138
9.612,-0.058,0.04,0.023,0.075
9.622,-0.065,-0.031,0.12,0.14
9.632,-0.153,0.048,0.076,0.178
9.642,-0.023,0.07,0.111,0.133
9.653,-0.012,0.123,0.047,0.132
9.663,-0.033,0.029,0.08,0.091
9.673,-0.02,-0.043,0.132,0.14
9.683,-0.101,-0.008,0.065,0.12
9.693,-0.045,-0.094,0.029,0.108
9.703,-0.066,0.054,-0.062,0.105
9.713,0.014,-0.171,0.102,0.199
9.723,-0.022,0.074,0.01,0.078
9.733,-0.062,0.082,0.027,0.106
9.744,-0.033,-0.246,-0.013,0.249
9.754,-0.085,0.088,0.046,0.131
9.764,-0.041,0.067,0.208,0.222
9.774,0.014,-0.041,0.085,0.095
9.784,-0.1,-0.115,0.015,0.153
9.794,-0.023,-0.088,0.027,0.095
9.804,-0.063,-0.084,-0.042,0.113
9.814,-0.097,0.08,-0.022,0.128
9.825,0.096,-0.063,-0.033,0.119
9.835,0.06,0.044,0.075,0.106
9.845,-0.05,-0.04,0.087,0.108
9.855,-0.031,-0.028,0.06,0.073
9.865,-0.134,-0.16,0.08,0.223
9.875,-0.107,-0.128,-0.0,0.167
9.885,-0.078,0.066,-0.028,0.106
9.895,-0.012,-0.052,-0.029,0.061
9.905,-0.016,-0.017,-0.033,0.04
9.916,0.012,0.101,0.075,0.127
9.926,0.034,-0.055,0.19,0.201
9.936,0.011,-0.061,-0.025,0.067
9.946,-0.07,0.048,0.024,0.088
9.956,0.015,-0.049,0.061,0.08
9.966,0.035,-0.026,0.027,0.051
9.976,-0.028,0.026,0.069,0.078
9.986,-0.112,-0.055,0.004,0.125
9.997,0.071,0.006,-0.004,0.071
10.007,0.006,-0.068,0.03,0.074
10.017,-0.165,0.018,0.065,0.178
10.027,0.127,-0.028,0.131,0.184
10.037,-0.025,-0.082,0.066,0.108
10.047,0.151,-0.059,0.022,0.163
10.057,0.028,-0.262,0.096,0.281
10.067,-0.006,0.027,0.107,0.111
10.077,0.018,-0.17,0.015,0.172
