time,ax (m/s^2),ay (m/s^2),az (m/s^2),aT (m/s^2)
0.003674,-0.5641,0.5836,0.5986,1.009
0.004992,-0.6028,0.8533,0.8353,1.338
0.021892,-0.6309,1.2060,0.5988,1.487
0.022917,-0.4160,1.4800,-0.1619,1.546
0.037923,-0.0041,1.5467,-0.9767,1.829
0.055110,0.3475,1.5213,-0.9531,1.828
0.057503,0.2458,1.3445,-0.6267,1.504
0.063002,0.0832,1.0623,-0.5831,1.215
0.073229,0.0632,0.8078,-0.6015,1.009
0.081783,0.0357,0.6176,-0.6378,0.889
0.092003,-0.0477,0.4936,-0.4457,0.667
0.102889,-0.1953,0.4185,0.0230,0.462
0.114786,-0.3854,0.5269,0.4992,0.822
0.121662,-0.5509,0.8413,0.7100,1.231
0.131584,-0.6006,1.2281,0.9204,1.648
0.141907,-0.6098,1.6098,1.1900,2.093
0.151974,-0.4056,1.8629,0.9816,2.144
0.161673,-0.1926,1.7387,0.7730,1.913
0.171800,-0.0712,1.6329,0.5171,1.714
0.181714,0.0035,1.5613,0.2645,1.584
0.191765,0.0883,1.4548,0.2789,1.484
0.202094,0.1489,1.1959,0.2204,1.225
0.212202,0.2309,1.0650,-0.0327,1.090
0.224584,0.3570,1.0620,-0.2010,1.138
0.231930,0.4171,1.0839,-0.2132,1.181
0.242346,0.3123,1.1223,-0.1698,1.177
0.253021,0.2338,1.1838,-0.1546,1.217
0.261932,0.2116,1.2252,-0.2514,1.269
0.272001,0.2610,1.2134,-0.4053,1.306
0.281973,0.2671,1.2365,-0.5164,1.366
0.291718,0.3001,1.1539,-0.4559,1.276
0.315337,0.2969,1.1779,-0.2857,1.248
0.316135,0.2602,1.3139,-0.0725,1.341
0.322136,0.2408,1.4286,0.0009,1.449
0.332020,0.3209,1.3625,-0.1743,1.411
0.342446,0.5223,1.1268,-0.5859,1.373
0.355964,0.7535,1.0384,-0.7674,1.495
0.361918,0.8342,1.1915,-0.4406,1.520
0.373419,0.7353,1.2646,-0.0703,1.465
0.386384,0.5476,1.3713,0.1239,1.482
0.392585,0.5867,1.5167,-0.0675,1.628
0.402240,0.6029,1.6412,-0.4644,1.809
0.412000,0.5833,1.6268,-0.8941,1.946
0.422475,0.5712,1.5445,-1.2575,2.072
0.432391,0.5018,1.5216,-1.2081,2.007
0.441849,0.2783,1.5002,-0.7224,1.688
0.451821,-0.0146,1.3843,-0.0662,1.386
0.461864,-0.3413,1.2342,0.4705,1.364
0.472035,-0.7999,1.0469,0.7319,1.507
0.481743,-1.2537,0.9388,0.9945,1.855
0.491672,-1.5613,1.0075,1.5076,2.393
0.505782,-1.6854,1.0972,2.2287,3.002
0.512104,-1.7502,1.1026,2.9447,3.599
0.525205,-1.8618,1.0445,3.6444,4.224
0.532650,-1.9805,0.8533,4.2080,4.728
0.542053,-2.1945,0.5582,4.4550,4.997
0.555308,-2.4205,0.2549,4.3368,4.973
0.561837,-2.4547,0.0164,3.9719,4.669
0.571985,-2.1723,-0.0909,3.6621,4.259
0.583955,-1.7421,0.0079,3.2474,3.685
0.592895,-1.2543,0.2128,2.5558,2.855
0.601962,-0.7582,0.5438,1.5606,1.818
0.611904,-0.3958,0.7973,0.5816,1.063
0.622950,-0.3133,0.4567,-0.5168,0.758
0.643320,-0.3983,-0.0587,-0.6048,0.727
0.645511,-0.5923,-0.4943,-0.2992,0.827
0.654926,-0.8386,-0.7952,0.1058,1.161
0.661914,-1.0854,-1.0654,0.6034,1.636
0.672334,-1.3414,-1.2013,0.8805,2.004
0.682396,-1.3638,-1.1818,0.9722,2.050
0.691805,-1.1963,-1.1063,0.9117,1.867
0.701996,-0.9478,-1.0660,0.5703,1.536
0.712112,-0.6429,-1.0313,0.1430,1.224
0.722578,-0.3506,-1.0290,-0.0514,1.088
0.747195,-0.1408,-1.0197,-0.2527,1.060
0.749399,0.0849,-1.0423,-0.4331,1.132
0.751888,0.1772,-1.0738,-0.6858,1.286
0.762312,0.2485,-1.1191,-0.9735,1.504
0.772929,0.3935,-1.1229,-1.1154,1.631
0.781987,0.5234,-1.1695,-1.2719,1.805
0.791764,0.5960,-1.1343,-1.4292,1.919
0.802977,0.6403,-1.0432,-1.7785,2.159
0.812055,0.7476,-0.9038,-2.1378,2.438
0.822961,0.9047,-0.6814,-2.2560,2.524
0.850190,0.9401,-0.3550,-2.1885,2.408
0.852808,0.9677,-0.0495,-2.1887,2.394
0.854435,1.0534,0.1256,-2.3246,2.555
0.868710,1.4508,0.2933,-2.5601,2.957
0.871808,1.6541,0.1610,-2.7617,3.223
0.883904,1.7842,0.0239,-2.8458,3.359
0.891945,1.7675,0.0014,-2.8718,3.372
0.901937,1.7071,0.0835,-2.8922,3.359
0.919537,1.6005,0.2316,-3.1239,3.518
0.922495,1.4536,0.3234,-3.2229,3.550
0.946167,1.1922,0.3964,-2.8396,3.105
0.949659,0.9103,0.4145,-2.2112,2.427
0.952271,0.6169,0.3161,-1.6181,1.760
0.962626,0.3884,0.2078,-1.2001,1.278
0.972224,0.2556,0.1422,-1.0007,1.043
0.982065,0.0327,0.0168,-0.6993,0.700
0.991908,-0.3113,-0.1938,-0.3366,0.498
1.002843,-0.6721,-0.4571,0.0705,0.816
1.018905,-0.9842,-0.7243,0.5011,1.321
1.022256,-1.2299,-0.8560,1.0361,1.822
1.042995,-1.2769,-0.9004,1.4598,2.138
1.046479,-1.1755,-0.7574,1.6550,2.167
1.052038,-1.1350,-0.3943,1.5306,1.946
1.062743,-1.0595,0.0409,0.8183,1.339
1.072153,-0.8665,0.5064,-0.0998,1.009
1.082004,-1.0876,0.7271,-0.8034,1.535
1.091996,-3.0491,-0.8997,1.3539,3.455
1.102079,-3.5321,-1.8453,3.4710,5.285
1.117411,-3.6004,-2.3835,4.9489,6.568
1.122566,-3.1874,-2.0803,5.3247,6.545
1.141019,-2.4542,-1.1793,3.7323,4.620
1.145484,-1.4163,-0.4308,1.2885,1.963
1.152646,-0.7262,-0.1961,-0.3841,0.845
1.162244,-0.2343,-0.3888,-1.2686,1.347
1.172365,-0.1589,-0.8918,-1.3294,1.609
1.182249,-0.3947,-1.6053,-0.7028,1.796
1.197276,-0.9079,-2.2129,0.1689,2.398
1.202334,-1.1141,-2.6443,0.6929,2.952
1.211946,-1.3136,-2.8049,1.3575,3.382
1.222189,-1.7454,-2.7168,2.1290,3.868
1.233183,-1.8787,-2.7032,2.4479,4.102
1.257857,-1.6826,-2.8111,2.4317,4.080
1.261293,-1.1499,-2.9629,2.1358,3.829
1.263859,-0.6475,-2.9480,1.7558,3.492
1.272705,-0.2787,-2.8603,1.3124,3.159
1.282099,-0.0631,-2.6555,0.9623,2.825
1.294199,0.1448,-2.4878,0.4659,2.535
1.302811,0.3738,-2.4025,-0.0448,2.432
1.312067,0.6009,-2.3375,-0.4241,2.450
1.322006,0.8175,-2.2831,-1.3631,2.782
1.332582,0.9467,-2.1242,-1.5108,2.773
1.358129,1.0192,-1.8882,-1.5479,2.646
1.361456,0.9229,-1.6699,-1.5077,2.432
1.363966,0.8036,-1.6222,-1.5420,2.378
1.372056,0.8068,-1.5758,-1.5153,2.330
1.381988,0.8211,-1.4715,-1.5314,2.277
1.392014,0.8413,-1.2964,-1.5618,2.197
1.402066,0.9153,-1.1196,-1.7079,2.238
1.415574,0.9384,-1.0121,-1.8689,2.323
1.423043,0.9626,-0.9233,-2.1230,2.507
1.445891,0.9991,-0.8091,-2.2556,2.596
1.448282,1.0176,-0.7519,-2.1808,2.521
1.453050,1.0332,-0.7332,-2.0341,2.396
1.463928,1.1672,-0.6999,-2.1739,2.565
1.473287,1.4497,-0.7074,-2.7305,3.171
1.482850,1.7456,-0.8106,-3.3659,3.877
1.493685,1.8230,-0.8741,-3.5730,4.105
1.502672,1.7246,-0.7791,-3.3401,3.839
1.512773,1.6050,-0.7222,-2.8430,3.344
1.530170,1.2136,-0.7403,-2.1212,2.553
1.533586,0.8082,-0.7708,-1.6222,1.969
1.557052,0.4489,-0.8564,-1.1446,1.498
1.559728,0.2136,-1.0040,-0.3460,1.083
1.562283,0.0135,-1.3262,0.1833,1.339
1.574077,-0.1442,-1.2927,0.4995,1.393
1.582209,-0.1839,-1.2919,0.4961,1.396
1.592156,-0.2498,-1.1566,0.7943,1.425
1.602211,-0.4752,-0.9733,1.1118,1.552
1.612779,-0.6965,-0.8784,1.2941,1.712
1.638700,-0.7017,-0.6735,1.4375,1.736
1.640429,-0.7688,-0.4833,1.2000,1.505
1.642524,-1.6234,-0.3178,0.3784,1.697
1.651866,-2.5989,-0.7867,0.7913,2.828
1.662506,-3.1321,-1.3964,2.6529,4.336
1.675398,-3.1788,-1.4554,3.8924,5.232
1.683049,-2.5960,-1.3880,3.6973,4.726
1.692017,-2.0599,-1.4008,2.9670,3.874
1.703422,-1.7253,-1.9076,2.2274,3.402
1.715002,-1.3398,-2.6693,1.6664,3.420
1.741351,-0.7319,-4.2383,0.7027,4.358
1.744210,-0.6989,-4.3212,0.2346,4.384
1.752174,-0.8212,-4.0417,-0.2142,4.130
1.762063,-1.0166,-3.7285,-0.4600,3.892
1.772254,-1.1950,-3.6418,-0.0307,3.833
1.782112,-1.5118,-3.6443,1.2201,4.130
1.791945,-2.6198,-3.5786,3.5356,5.672
1.802225,-2.6819,-3.5980,4.0222,6.026
1.812149,-2.4248,-3.4458,4.0459,5.841
1.827245,-1.8853,-3.0169,3.1057,4.722
1.832681,-1.3392,-2.3660,1.7515,3.234
1.855495,-1.0314,-1.9076,0.7871,2.307
1.857456,-0.6490,-1.9974,0.0268,2.100
1.876286,-0.2930,-2.3660,-0.8170,2.520
1.878336,0.1441,-2.6479,-1.1597,2.894
1.897192,0.4428,-2.7444,-1.3049,3.071
1.900072,0.6076,-2.8598,-1.9585,3.519
1.903590,0.7572,-3.0016,-2.9628,4.285
1.912369,0.8965,-3.0118,-4.0551,5.130
1.926001,0.9909,-2.9008,-4.8845,5.767
1.932430,0.9014,-2.6215,-5.3241,6.003
1.958943,0.6414,-2.2659,-5.3792,5.872
1.961805,0.5162,-1.9709,-4.6719,5.097
1.963789,0.5512,-1.7172,-2.9280,3.439
1.984332,0.7333,-1.5354,-0.8932,1.922
1.986580,1.1486,-1.6301,0.5739,2.075
1.999514,1.5799,-1.9063,0.8410,2.615
2.002468,2.1419,-2.0435,0.8915,3.092
2.017106,2.6862,-2.1203,1.1092,3.597
2.034113,3.3294,-2.2254,0.8609,4.096
2.035731,3.3865,-1.9906,0.9315,4.037
2.061279,3.2753,-1.4477,1.6008,3.922
2.064076,2.9997,-0.8162,2.3932,3.923
2.067481,2.7302,-0.2142,2.5883,3.768
2.077284,2.4519,0.2639,2.6932,3.652
2.082289,2.3027,0.5753,2.6739,3.575
2.092285,2.2266,0.7349,2.5890,3.493
2.103752,2.4397,0.9701,2.5129,3.634
2.112704,2.7995,1.3256,2.7447,4.139
2.122863,2.9201,1.6818,3.1641,4.622
2.132754,2.7693,1.8944,3.1927,4.632
2.148845,2.6114,2.0835,2.8753,4.408
2.151908,2.3499,2.1270,2.6610,4.138
2.162353,2.0468,2.0284,2.5329,3.837
2.172293,1.7509,1.7845,2.5003,3.536
2.183826,1.5096,1.6472,2.5766,3.410
2.192395,1.4329,1.8519,2.7437,3.607
2.202422,1.3680,2.1972,2.7832,3.801
2.212615,1.1308,2.4703,2.5946,3.757
2.221888,0.7528,2.6353,2.5026,3.711
2.246351,0.3331,2.7480,2.6666,3.844
2.249499,-0.0155,2.7331,3.2632,4.257
2.260292,-0.2697,2.5579,3.8603,4.639
2.263133,-0.1450,2.4287,3.9812,4.666
2.275506,0.0800,2.5716,3.6240,4.444
2.288090,0.2531,2.7755,3.2040,4.247
2.291843,0.2421,2.9495,2.8353,4.098
2.302809,0.1573,2.9166,2.4230,3.795
2.312811,0.2077,2.6503,1.6947,3.153
2.322733,0.3324,2.2772,1.0980,2.550
2.349408,0.4242,1.9564,0.5837,2.085
2.352256,0.2822,1.6460,0.3239,1.701
2.353951,-0.0980,1.2362,0.3097,1.278
2.362048,-0.4711,0.7606,0.5658,1.059
2.372834,-0.6811,0.3748,1.1461,1.385
2.382388,-0.7815,0.1830,1.8945,2.058
2.392289,-0.7189,0.1823,2.3175,2.433
2.402590,-0.3632,0.3448,1.9740,2.037
2.412304,0.1123,0.6590,1.3503,1.507
2.424379,0.3357,1.0336,1.0073,1.482
2.451865,0.3608,1.2598,0.7821,1.526
2.453894,0.3685,1.3414,0.5369,1.491
2.454800,0.4193,1.3994,0.2554,1.483
2.461908,0.4285,1.4817,0.1108,1.546
2.472266,0.2525,1.5194,0.1886,1.552
2.488156,-0.0442,1.4774,0.1016,1.482
2.491988,-0.0114,1.3715,-0.4973,1.459
2.503649,0.1791,1.4936,-0.6673,1.646
2.514126,0.2050,1.6161,-0.8360,1.831
2.522696,0.1478,1.5126,-1.0330,1.838
2.535156,0.1300,1.3748,-1.2556,1.866
2.542205,0.2467,1.2491,-1.4973,1.965
2.562456,0.3783,1.1107,-1.7029,2.068
2.565316,0.5045,0.8495,-1.8784,2.122
2.572053,0.5394,0.3750,-1.9383,2.047
2.583604,0.5452,-0.1336,-1.8102,1.895
2.591987,0.6448,-0.5050,-1.5493,1.752
2.603345,0.6777,-0.7090,-1.3018,1.630
2.613796,0.6593,-0.8723,-1.1626,1.596
2.622093,0.6337,-1.0024,-1.0684,1.596
2.635266,0.5914,-1.1090,-0.8959,1.543
2.643784,0.5228,-1.2337,-0.7133,1.518
2.665029,0.2990,-1.3245,-0.6254,1.495
2.667805,-0.1521,-1.2597,-0.4895,1.360
2.672631,-0.5846,-1.0868,-0.3000,1.270
2.682322,-0.9326,-0.9263,-0.3483,1.360
2.692129,-1.2683,-0.7717,-0.5046,1.568
2.702573,-1.6387,-0.6972,-0.3767,1.820
2.717470,-2.0641,-0.5996,0.1104,2.152
2.747115,-2.9884,-0.2916,1.2203,3.241
2.749754,-4.1123,-0.0390,2.8844,5.023
2.751793,-4.4465,0.0856,3.9361,5.939
2.761846,-4.4310,0.2371,4.9293,6.632
2.771644,-3.9808,0.3653,5.5745,6.860
2.782108,-3.0539,0.3974,5.3722,6.192
2.793218,-1.9577,0.3332,4.6388,5.046
2.801973,-0.8647,0.3260,3.7126,3.826
2.817039,0.0580,0.5758,2.2362,2.310
2.823303,0.5739,0.9373,0.4963,1.206
2.851926,0.6722,1.2397,-0.6455,1.551
2.854017,0.6121,1.3864,-0.9901,1.810
2.855408,0.2110,1.4169,-0.7923,1.637
2.871223,-0.1484,1.2378,-0.4724,1.333
2.874952,-0.2905,0.9734,-0.1869,1.033
2.891478,-0.3481,0.7869,0.1651,0.876
2.894592,-0.3155,0.6417,0.3304,0.788
2.902744,-0.2457,0.6038,0.0357,0.653
2.912451,-0.1220,0.6024,-0.4854,0.783
2.922860,0.0684,0.6513,-0.8001,1.034
2.936154,0.1587,0.6600,-0.8862,1.116
2.949013,0.2283,0.5840,-0.8693,1.072
2.954251,0.2892,0.4262,-0.7660,0.923
2.977202,0.4286,0.2344,-0.5763,0.755
2.979786,0.5467,0.2369,-0.6153,0.856
2.982150,0.7163,0.2919,-0.8563,1.154
2.996116,0.8823,0.3660,-1.1707,1.511
3.001978,1.0008,0.4070,-1.2848,1.679
3.015421,1.0820,0.3496,-1.2057,1.657
3.022390,1.1575,0.2552,-1.1402,1.645
3.032940,1.3041,0.0967,-1.2363,1.800
3.065095,1.5100,-0.0560,-1.5742,2.182
3.067471,1.6829,-0.2051,-1.8706,2.525
3.069264,1.8137,-0.3069,-2.0358,2.744
3.072144,1.9392,-0.4198,-2.0953,2.886
3.083671,2.0779,-0.5265,-2.2090,3.078
3.093514,2.1989,-0.4943,-2.2831,3.208
3.101975,2.2196,-0.3659,-2.1270,3.096
3.112865,2.0630,-0.2846,-1.8433,2.781
3.122343,1.8954,-0.4275,-1.7497,2.615
3.131979,1.6538,-0.6077,-1.6643,2.424
3.164656,1.4422,-0.7349,-1.4851,2.197
3.167472,1.2625,-0.7470,-1.2298,1.914
3.170145,1.0208,-0.6685,-0.9469,1.545
3.172683,0.8686,-0.5447,-0.7913,1.295
3.181974,0.6439,-0.4812,-0.3603,0.881
3.192103,0.2050,-0.3715,0.0386,0.426
3.202296,0.2432,-0.3244,-0.1867,0.446
3.212770,0.1135,-0.4131,-0.2500,0.496
3.229948,-0.0848,-0.6567,-0.2264,0.700
3.233555,-0.3110,-0.9165,-0.1980,0.988
3.262579,-0.5307,-1.0887,-0.1875,1.226
3.264951,-0.6957,-1.2736,-0.0688,1.453
3.266658,-1.0963,-1.5162,0.0176,1.871
3.276950,-2.0593,-1.9345,0.1355,2.829
3.281812,-3.4353,-2.6877,0.4269,4.383
3.292248,-4.7130,-3.7575,1.4149,6.191
3.301886,-5.2562,-4.5144,3.0721,7.579
3.312185,-4.9239,-4.1569,4.2390,7.713
3.327456,-3.7878,-2.8233,3.9825,6.179
3.332764,-2.2490,-1.6455,2.0191,3.441
3.353885,-0.9295,-0.8926,-0.4260,1.357
3.356303,0.0554,-0.5141,-2.5593,2.611
3.362081,0.4425,-0.5617,-3.9666,4.031
3.372882,0.2442,-1.0175,-4.2976,4.423
3.381983,-0.4300,-1.7896,-3.3141,3.791
3.392109,-1.0465,-2.3838,-2.1768,3.394
3.402519,-1.6858,-3.0141,-1.0051,3.597
3.412016,-2.2531,-3.5228,0.1461,4.184
3.426683,-2.5210,-3.8441,1.0625,4.718
3.432101,-1.3869,-3.7651,1.3858,4.245
3.452680,-0.5144,-3.5775,1.1979,3.808
3.455701,0.1686,-3.4639,0.8462,3.570
3.462010,0.6870,-3.3125,0.4058,3.407
3.472281,1.0919,-3.0444,-0.1488,3.238
3.481999,1.4093,-2.6926,-0.6579,3.110
3.491933,1.4138,-2.1941,-1.0762,2.823
3.507919,1.3294,-1.6110,-1.7245,2.709
3.512030,1.2734,-1.0468,-2.4376,2.943
3.522054,1.1732,-0.5132,-2.9251,3.193
3.532072,1.1443,-0.0762,-3.1120,3.317
3.542571,0.9385,0.2745,-3.1034,3.254
3.570007,0.7552,0.4457,-3.0515,3.175
3.573520,0.6994,0.5230,-2.9347,3.062
3.575544,0.7809,0.4821,-2.6443,2.799
3.582098,0.9171,0.2634,-2.3459,2.533
3.592169,1.0458,-0.0680,-2.0032,2.261
3.602837,1.1817,-0.4186,-1.7065,2.118
3.612088,1.3171,-0.6101,-1.3798,2.003
3.622149,1.3013,-0.8116,-1.2155,1.957
3.632041,1.1520,-1.1036,-1.1079,1.942
3.643164,1.0410,-1.4052,-1.0469,2.038
3.675065,0.9970,-1.5713,-0.9364,2.083
3.677793,0.9103,-1.5548,-0.6120,1.903
3.680013,0.8687,-1.4758,-0.4793,1.778
3.682707,0.7562,-1.3965,-0.4212,1.643
3.694046,0.7995,-1.3323,-0.4474,1.617
3.713382,1.0047,-1.2164,-0.4766,1.648
3.716882,1.2008,-1.1238,-0.3308,1.678
3.728157,1.2642,-0.9798,-0.1069,1.603
3.732141,1.1268,-0.7662,0.1885,1.376
3.742610,0.7589,-0.5356,0.4606,1.037
3.770253,0.3427,-0.3457,0.6855,0.841
3.772611,-0.0972,-0.1518,0.7401,0.762
3.774119,-0.3269,-0.0204,0.7191,0.790
3.782021,-0.4409,0.0625,0.7474,0.870
3.792156,-0.7167,0.1465,0.6529,0.981
3.803092,-1.3762,0.1463,0.4225,1.447
3.811823,-2.1922,-0.3202,0.5606,2.285
3.822388,-2.9064,-1.1168,1.3046,3.376
3.849687,-3.0898,-1.7665,2.4711,4.333
3.853365,-2.7322,-2.2068,3.3999,4.888
3.855792,-1.8960,-2.5206,3.9812,5.079
3.862044,-1.1473,-2.7181,4.3943,5.293
3.872175,-0.1661,-2.9804,3.9523,4.953
3.887494,0.6558,-3.0724,2.9292,4.295
3.891901,1.2080,-3.0216,0.6577,3.320
3.903012,1.0604,-2.1218,0.2312,2.383
3.912698,0.5465,-1.3523,-0.0245,1.459
3.922739,0.2558,-0.5398,-0.3979,0.718
3.954132,-0.0545,0.2931,-0.6059,0.675
3.956050,-0.3643,1.0142,-0.7371,1.306
3.957511,-0.5646,1.4838,-1.0967,1.930
3.962355,-0.5721,1.5373,-1.4867,2.214
3.972425,-0.1621,1.2848,-1.7554,2.181
3.983225,0.3725,1.0056,-1.8193,2.112
3.991939,0.9171,0.7428,-1.6886,2.060
4.002034,1.2532,0.5020,-1.2671,1.852
4.011937,1.4714,0.3294,-0.6656,1.648
4.022210,1.5880,0.3353,-0.0557,1.624
4.049220,1.6440,0.3811,0.3102,1.716
4.052346,1.6663,0.4069,0.3508,1.751
4.053626,1.6207,0.3393,0.2720,1.678
4.062147,1.5542,0.3007,0.2747,1.607
4.072076,1.5097,0.4116,0.3630,1.606
4.085886,1.4964,0.6368,0.5065,1.703
4.092041,1.4362,0.8806,0.6095,1.791
4.102957,1.4511,1.1614,0.7679,2.011
4.120141,1.4408,1.5454,0.9824,2.330
4.122324,1.4003,1.8042,1.1591,2.561
4.151752,1.4274,1.9167,1.2197,2.683
4.154481,1.4509,2.0786,1.2542,2.828
4.155973,1.3994,2.3301,1.1499,2.951
4.167001,1.2087,2.5016,1.0151,2.958
4.171815,0.8526,2.6833,0.9500,2.971
4.181973,0.5046,2.7931,0.9399,2.990
4.192003,0.2423,2.9227,0.7552,3.028
4.202024,0.0915,3.0542,0.5204,3.100
4.219238,-0.0463,3.1651,0.1794,3.170
4.223524,-0.0607,3.2566,-0.2189,3.265
4.249616,-0.2296,3.2373,-0.4564,3.277
4.252053,-0.4658,2.9722,-0.3360,3.027
4.253733,-0.5254,2.7127,-0.1006,2.765
4.268134,-0.4075,2.6128,-0.1097,2.647
4.272139,-0.5155,2.3794,-0.1999,2.443
4.287642,-0.7515,2.1234,-0.4126,2.290
4.292410,-1.3283,1.7021,-0.2756,2.177
4.305171,-2.1244,1.1097,0.5363,2.456
4.312357,-2.7859,0.6485,1.2741,3.131
4.322107,-3.1371,0.3907,1.8905,3.683
4.335613,-3.2830,0.4185,2.5269,4.164
4.342749,-3.2932,0.6339,3.0405,4.527
4.367435,-3.1060,1.0211,3.0409,4.465
4.370319,-2.3958,1.5162,1.7578,3.336
4.372318,-2.1402,1.3190,1.1538,2.766
4.382709,-1.8252,0.9402,0.6123,2.142
4.392442,-1.4221,0.3986,0.0119,1.477
4.402126,-0.9574,-0.0685,-0.5336,1.098
4.415874,-0.5825,-0.3964,-0.8326,1.091
4.422672,-0.4451,-0.7227,-0.8987,1.236
4.445735,-0.5767,-0.9954,-0.5413,1.271
4.448860,-0.7571,-1.1704,-0.1538,1.402
4.452965,-0.6142,-1.3015,-0.1845,1.451
4.461792,-0.2550,-1.3090,-0.4363,1.403
4.471960,0.0313,-1.1162,-0.4082,1.189
4.483053,0.0471,-0.8470,-0.4259,0.949
4.493587,0.0089,-0.7106,-0.6526,0.965
4.502834,-0.0045,-0.6590,-0.9878,1.187
4.511896,0.0020,-0.7030,-1.1419,1.341
4.521986,-0.0029,-0.6836,-0.9222,1.148
4.536423,0.0793,-0.5472,-0.6892,0.884
4.549521,0.2543,-0.3948,-0.8044,0.932
4.567173,0.4584,-0.2716,-1.0724,1.197
4.570189,0.6117,-0.1139,-1.2245,1.374
4.572214,0.7008,-0.0645,-1.3903,1.558
4.586415,0.7778,-0.1630,-1.4230,1.630
4.600842,0.8574,-0.2553,-1.3648,1.632
4.604159,0.9772,-0.3798,-1.1864,1.583
4.613285,0.8985,-0.3913,-1.1230,1.490
4.622508,0.7686,-0.3811,-0.8546,1.211
4.632995,0.5343,-0.3931,-0.5751,0.878
4.662471,0.3640,-0.3847,-0.4734,0.710
4.664298,0.3104,-0.3229,-0.5812,0.734
4.665481,0.3415,-0.1777,-0.8337,0.918
4.672218,0.2973,-0.0343,-0.9688,1.014
4.682140,0.2699,0.2265,-1.1181,1.172
4.692382,0.2056,0.3847,-1.2686,1.341
4.702162,-0.0076,0.3869,-1.2583,1.316
4.713696,-0.2828,0.3515,-1.1947,1.277
4.722168,-0.5710,0.3804,-1.0804,1.280
4.734304,-0.8044,0.4326,-0.9672,1.330
4.759751,-1.0085,0.4654,-0.7721,1.353
4.762347,-1.2146,0.5491,-0.3437,1.377
4.763664,-1.4144,0.7429,0.0242,1.598
4.779753,-1.6265,1.1118,-0.0353,1.971
4.782024,-2.1826,1.3902,-0.1869,2.594
4.793729,-2.6028,1.4032,-0.1214,2.959
4.801856,-2.7475,1.5023,-0.0008,3.131
4.812200,-2.7391,1.3808,0.2110,3.075
4.827807,-3.0160,0.8771,0.6580,3.209
4.832709,-3.0547,-0.5231,2.1101,3.749
4.854668,-2.1522,-0.8226,2.3132,3.265
4.857322,-1.3566,-0.8209,2.2757,2.774
4.862299,-0.5813,-0.7058,1.2749,1.569
4.873610,-0.1254,-0.4095,0.0934,0.438
4.882858,-0.0097,-0.0651,-0.7432,0.746
4.892137,-0.0749,0.1550,-1.0876,1.101
4.901951,-0.2367,0.1515,-1.1984,1.231
4.911886,-0.2806,-0.0975,-1.1078,1.147
4.927986,-0.2894,-0.3590,-0.9606,1.066
4.932447,-0.2678,-0.5716,-0.6608,0.914
4.963417,-0.2381,-0.7511,-0.2355,0.822
4.966166,-0.1707,-0.9531,0.2087,0.991
4.967218,-0.0350,-1.0925,0.4208,1.171
4.971904,0.1842,-0.8783,0.5048,1.030
4.981804,0.3233,-0.4599,0.5099,0.759
4.992051,0.4333,-0.0462,0.1798,0.471
5.002176,0.5437,0.3564,-0.3700,0.748
5.011945,0.7447,0.7538,-0.7894,1.321
5.026789,0.9491,1.1037,-1.0853,1.816
5.033938,1.1470,1.3906,-1.3267,2.238
5.055615,1.2830,1.6260,-1.6498,2.648
5.058410,1.3737,1.7976,-1.8963,2.952
5.067882,1.2595,1.8861,-2.2526,3.197
5.080891,1.0785,1.7603,-2.0749,2.927
5.082633,0.9849,1.5151,-1.8613,2.594
5.095691,0.9693,1.2650,-1.8080,2.410
5.101831,0.9984,1.0400,-1.7469,2.265
5.111984,0.9843,0.8024,-1.6682,2.097
5.127773,0.8677,0.6111,-1.5571,1.884
5.132253,0.6449,0.5422,-1.4180,1.649
5.162765,0.4656,0.5888,-1.1878,1.405
5.165229,0.3237,0.8366,-0.6126,1.086
5.166158,0.2013,1.1166,0.0885,1.138
5.172852,0.1958,1.2149,0.0243,1.231
5.182103,0.3555,1.2703,-0.4087,1.381
5.191965,0.2849,1.4021,-0.7729,1.626
5.203039,0.5420,1.5611,-1.4713,2.213
5.212742,0.5943,1.5829,-1.9753,2.600
5.223139,0.4683,1.5456,-1.9968,2.568
5.231860,0.0525,1.4892,-1.6331,2.211
5.242198,-0.4640,1.4954,-0.9395,1.826
5.273208,-0.9455,1.5938,-0.0626,1.854
5.277009,-1.2884,1.5548,0.5069,2.082
5.279601,-1.5318,1.5471,0.8622,2.342
5.282297,-1.7140,1.4045,0.9042,2.393
5.291776,-2.1647,0.7563,1.0056,2.504
5.302714,-3.3599,-1.2936,2.4472,4.353
5.312231,-3.6176,-2.0656,3.7223,5.587
5.324623,-3.5358,-2.2314,4.7963,6.363
5.333250,-2.7786,-1.8496,4.5459,5.640
5.357260,-1.8583,-1.1918,3.5044,4.142
5.360896,-1.0431,-0.5133,1.9998,2.313
5.363065,-0.3463,-0.3174,0.3074,0.561
5.372162,0.0697,-0.6005,-0.9705,1.143
5.382332,0.0730,-1.1532,-1.6666,2.028
5.395267,-0.0094,-1.9547,-1.8371,2.683
5.403784,-0.2606,-2.6737,-1.6139,3.134
5.412650,-0.5832,-3.2444,-1.1051,3.477
5.422434,-0.8893,-3.7021,-0.3278,3.822
5.443940,-1.0380,-3.7891,1.0583,4.069
5.447071,-1.1971,-3.7493,2.0048,4.417
5.480384,-1.0888,-3.6684,2.3772,4.505
5.483646,-0.7178,-3.5000,2.2650,4.230
5.485619,-0.2671,-3.1224,1.7890,3.608
5.487916,0.1383,-2.5739,1.2322,2.857
5.492039,0.3694,-1.9866,0.8069,2.176
5.502932,0.4214,-1.4743,0.3076,1.564
5.512414,0.4844,-1.1796,-0.4069,1.339
5.522055,0.7380,-1.1702,-0.9460,1.676
5.550874,1.1959,-1.2630,-0.9893,2.001
5.553553,1.3633,-1.5420,-0.9576,2.270
5.554729,1.5621,-1.8157,-1.1014,2.636
5.561880,1.6383,-1.6606,-1.2049,2.625
5.571777,1.5731,-1.2560,-1.2998,2.396
5.582796,1.4204,-0.8079,-1.5014,2.219
5.591858,1.3431,-0.4542,-1.8271,2.313
5.602212,1.2771,-0.2460,-2.0084,2.393
5.612086,1.1869,-0.1120,-1.9469,2.283
5.623883,0.9797,-0.0200,-1.5749,1.855
5.658177,0.7366,0.0496,-1.2950,1.491
5.660685,0.5263,0.0693,-1.3608,1.461
5.662863,0.4150,0.0347,-1.3206,1.385
5.664777,0.3990,-0.0013,-1.2606,1.322
5.677129,0.3896,0.2030,-1.0696,1.156
5.690110,0.2053,0.5069,-0.8918,1.046
5.693142,0.0826,0.6391,-0.6309,0.902
5.703274,0.0547,0.7749,-0.2571,0.818
5.713123,0.0295,0.8173,-0.1545,0.832
5.724021,0.0106,0.6607,0.0132,0.661
5.759145,0.1102,0.3934,0.1394,0.432
5.762445,0.1459,0.2122,0.0528,0.263
5.763986,0.2659,0.1746,0.0436,0.321
5.765522,0.2169,0.0518,0.6405,0.678
5.773473,-0.0100,0.0276,0.8089,0.809
5.790909,-0.3235,0.0061,1.0103,1.061
5.792816,-0.6141,-0.1275,1.0307,1.207
5.810962,-0.9706,-0.2073,1.2250,1.577
5.813366,-0.9999,-0.0831,1.4184,1.737
5.822248,-0.9743,0.2429,1.1520,1.528
5.836302,-1.1233,0.3682,0.8287,1.444
5.842342,-0.2533,0.1943,-3.1907,3.207
5.866423,0.4526,0.2645,-3.7835,3.820
5.867938,-1.7610,-0.5826,0.6515,1.966
5.871957,-1.9560,-0.8733,4.2495,4.759
5.882519,-1.1416,-0.9073,5.6191,5.805
5.891685,-1.0288,-1.1792,5.3890,5.612
5.901762,-0.8614,-1.1549,5.2791,5.472
5.914083,-0.7016,-0.9071,4.0499,4.209
5.921894,-0.3704,-0.8589,1.7403,1.976
5.938363,-0.3307,-0.6339,-0.0742,0.719
5.941956,-0.0376,-0.3165,-1.4267,1.462
5.961220,-0.4939,-0.1998,-1.7338,1.814
5.962036,-1.0068,-0.1991,-1.5343,1.846
5.974933,-1.3182,-0.3224,-1.2129,1.820
