time,gx,gy,gz
0.003391,-0.19,0.64,-0.16
0.025001,-0.26,0.64,-0.15
0.026106,-0.27,0.54,-0.11
0.028015,-0.27,0.42,-0.06
0.037644,-0.26,0.36,-0.04
0.047832,-0.2,0.32,-0.06
0.059419,-0.12,0.3,-0.07
0.067971,-0.06,0.26,-0.06
0.077843,-0.03,0.21,-0.03
0.087783,-0.04,0.17,-0.03
0.097946,-0.04,0.15,-0.04
0.108242,-0.04,0.12,-0.06
0.117807,-0.04,0.08,-0.08
0.128388,-0.04,0.05,-0.1
0.137787,-0.01,0.01,-0.1
0.147853,0.02,-0.03,-0.07
0.159533,0.05,-0.02,-0.03
0.167943,0.06,0.01,0.0
0.177864,0.06,0.05,0.02
0.188155,0.05,0.08,0.04
0.197738,0.04,0.06,0.07
0.207741,0.02,0.03,0.08
0.217926,-0.01,0.01,0.09
0.228542,-0.02,0.01,0.07
0.241689,-0.02,0.01,0.06
0.248545,-0.02,0.03,0.05
0.257987,-0.02,0.04,0.04
0.268487,-0.03,0.06,0.03
0.277863,-0.03,0.07,0.02
0.287666,-0.04,0.06,0.01
0.297769,-0.05,0.06,0.0
0.308176,-0.06,0.06,0.0
0.317708,-0.06,0.08,0.01
0.327869,-0.06,0.08,0.01
0.338815,-0.06,0.08,0.01
0.348055,-0.06,0.07,0.01
0.359356,-0.06,0.07,0.01
0.368072,-0.07,0.08,0.01
0.377771,-0.08,0.08,0.01
0.389574,-0.1,0.06,0.02
0.397758,-0.1,0.04,0.03
0.407724,-0.09,0.02,0.03
0.417834,-0.08,0.01,0.04
0.427779,-0.07,0.07,0.02
0.437888,-0.07,0.13,0.0
0.447711,-0.07,0.17,-0.02
0.458465,-0.06,0.21,-0.04
0.468756,-0.03,0.23,-0.06
0.477798,-0.0,0.26,-0.07
0.487727,0.02,0.28,-0.09
0.497769,0.03,0.32,-0.12
0.507794,0.03,0.37,-0.16
0.518036,0.02,0.41,-0.21
0.528321,0.02,0.41,-0.25
0.538229,0.01,0.38,-0.27
0.547991,0.01,0.34,-0.29
0.558106,0.01,0.31,-0.29
0.568191,-0.01,0.35,-0.26
0.583004,-0.05,0.44,-0.22
0.59654,-0.11,0.56,-0.22
0.598097,-0.18,0.69,-0.27
0.610402,-0.22,0.75,-0.37
0.618376,-0.26,0.7,-0.47
0.628605,-0.29,0.54,-0.55
0.63794,-0.33,0.35,-0.57
0.647965,-0.39,0.2,-0.54
0.658,-0.5,0.17,-0.43
0.679571,-0.51,0.26,-0.39
0.681105,-0.48,0.36,-0.37
0.693041,-0.42,0.41,-0.38
0.698267,-0.36,0.45,-0.39
0.707834,-0.31,0.48,-0.41
0.72075,-0.28,0.45,-0.41
0.728605,-0.28,0.41,-0.41
0.738501,-0.31,0.39,-0.4
0.747905,-0.36,0.38,-0.39
0.757944,-0.39,0.35,-0.4
0.778709,-0.38,0.32,-0.4
0.780403,-0.34,0.28,-0.38
0.791896,-0.3,0.24,-0.35
0.798137,-0.28,0.23,-0.33
0.807984,-0.27,0.23,-0.35
0.819247,-0.26,0.22,-0.4
0.827671,-0.25,0.22,-0.45
0.838074,-0.27,0.22,-0.5
0.848017,-0.29,0.24,-0.53
0.858175,-0.31,0.26,-0.55
0.871925,-0.31,0.24,-0.57
0.877981,-0.3,0.19,-0.57
0.887964,-0.29,0.09,-0.57
0.898054,-0.28,0.06,-0.56
0.90787,-0.26,0.04,-0.54
0.917802,-0.25,0.05,-0.5
0.927818,-0.25,0.07,-0.48
0.938026,-0.26,0.1,-0.47
0.952847,-0.28,0.13,-0.47
0.958404,-0.3,0.14,-0.48
0.97413,-0.3,0.13,-0.47
0.977935,-0.3,0.1,-0.42
0.988451,-0.3,0.07,-0.36
1.002438,-0.3,0.02,-0.29
1.007964,-0.3,-0.02,-0.23
1.017892,-0.3,-0.05,-0.2
1.027977,-0.28,-0.04,-0.17
1.038358,-0.23,-0.02,-0.15
1.05259,-0.17,0.02,-0.1
1.059033,-0.12,0.12,-0.03
1.077545,-0.08,0.27,0.05
1.079761,-0.06,0.42,0.13
1.091464,-0.03,0.55,0.19
1.105021,-0.0,0.62,0.22
1.108025,0.04,0.56,0.23
1.12031,0.05,0.38,0.35
1.127738,-0.01,0.06,0.46
1.138247,-0.11,-0.04,0.55
1.151544,-0.22,-0.08,0.6
1.1584,-0.32,-0.09,0.61
1.172973,-0.38,-0.1,0.62
1.178317,-0.38,-0.12,0.65
1.187978,-0.33,-0.12,0.7
1.201466,-0.23,-0.1,0.74
1.207936,-0.13,-0.05,0.77
1.217944,-0.02,-0.02,0.78
1.227883,0.1,0.01,0.76
1.238055,0.2,0.05,0.74
1.250977,0.29,0.12,0.7
1.258136,0.35,0.19,0.63
1.272495,0.4,0.23,0.54
1.277942,0.44,0.19,0.44
1.287879,0.47,0.12,0.36
1.30017,0.49,0.03,0.31
1.307791,0.51,-0.06,0.29
1.318289,0.51,-0.11,0.27
1.329002,0.51,-0.14,0.25
1.337827,0.51,-0.14,0.23
1.347901,0.51,-0.12,0.2
1.358111,0.54,-0.05,0.12
1.368139,0.56,-0.04,0.1
1.39108,0.57,-0.01,0.08
1.392986,0.57,0.01,0.07
1.401615,0.55,-0.0,0.07
1.407812,0.51,-0.02,0.07
1.41796,0.46,-0.03,0.1
1.428487,0.41,-0.04,0.16
1.438008,0.35,-0.04,0.22
1.447917,0.3,-0.03,0.29
1.458234,0.26,-0.02,0.33
1.468365,0.25,-0.02,0.34
1.489702,0.24,-0.04,0.33
1.491297,0.24,-0.04,0.31
1.503662,0.25,-0.04,0.26
1.508138,0.26,-0.05,0.2
1.518437,0.27,-0.05,0.15
1.531967,0.27,-0.05,0.11
1.538467,0.27,-0.05,0.09
1.54793,0.27,-0.07,0.08
1.55786,0.27,-0.1,0.08
1.568307,0.27,-0.13,0.09
1.583156,0.24,-0.12,0.12
1.587874,0.19,-0.07,0.14
1.607592,0.1,0.05,0.13
1.60912,0.08,0.09,0.12
1.618018,0.07,0.09,0.11
1.627937,0.08,0.03,0.1
1.638219,0.07,-0.02,0.11
1.647694,0.03,-0.05,0.14
1.661815,-0.03,-0.07,0.19
1.668036,-0.13,-0.07,0.25
1.682123,-0.23,-0.03,0.29
1.687834,-0.33,-0.01,0.32
1.698748,-0.39,-0.02,0.31
1.710113,-0.42,-0.08,0.27
1.717969,-0.39,-0.16,0.23
1.727742,-0.32,-0.23,0.21
1.738362,-0.24,-0.24,0.21
1.747871,-0.14,-0.19,0.25
1.761069,-0.05,-0.08,0.28
1.767931,0.04,0.04,0.28
1.78325,0.12,0.13,0.22
1.787874,0.21,0.19,0.13
1.798593,0.25,0.25,0.04
1.811078,0.25,0.34,-0.05
1.817723,0.21,0.42,-0.17
1.827827,0.14,0.42,-0.47
1.838403,0.11,0.3,-0.58
1.848068,0.09,0.16,-0.63
1.860236,0.07,0.05,-0.62
1.867857,0.05,-0.01,-0.57
1.879745,0.02,-0.03,-0.52
1.888029,-0.0,-0.04,-0.46
1.897855,-0.03,-0.04,-0.4
1.91184,-0.04,-0.05,-0.34
1.917809,-0.04,-0.06,-0.28
1.928227,-0.04,-0.06,-0.22
1.939574,-0.04,-0.04,-0.14
1.94782,-0.02,-0.02,-0.05
1.957802,0.01,0.01,0.04
1.967656,0.02,0.02,0.14
1.977979,0.02,0.03,0.24
1.994405,-0.01,0.03,0.34
1.998007,-0.06,0.01,0.44
2.007783,-0.11,-0.01,0.54
2.017806,-0.17,-0.03,0.62
2.027925,-0.24,-0.04,0.7
2.039892,-0.3,-0.07,0.76
2.048032,-0.35,-0.11,0.82
2.057899,-0.45,-0.16,0.95
2.06765,-0.53,-0.24,1.02
2.078114,-0.61,-0.25,1.08
2.100236,-0.68,-0.26,1.13
2.10204,-0.75,-0.26,1.17
2.115187,-0.82,-0.23,1.21
2.117889,-0.88,-0.17,1.26
2.130624,-0.95,-0.09,1.31
2.145695,-1.03,0.01,1.37
2.147727,-1.11,0.11,1.43
2.15783,-1.2,0.2,1.51
2.167771,-1.3,0.23,1.63
2.178315,-1.39,0.22,1.76
2.194198,-1.49,0.17,1.89
2.19782,-1.56,0.04,1.98
2.208359,-1.62,-0.18,2.05
2.217819,-1.68,-0.44,2.09
2.228133,-1.74,-0.55,2.14
2.237887,-1.82,-0.43,2.2
2.247784,-1.93,-0.25,2.27
2.262191,-2.06,-0.13,2.32
2.267784,-2.17,-0.11,2.39
2.29413,-2.25,-0.18,2.53
2.2961,-2.31,-0.25,2.76
2.298044,-2.52,-0.47,3.32
2.308206,-2.67,-0.58,3.55
2.323215,-2.82,-0.67,3.72
2.327821,-2.96,-0.75,3.83
2.338045,-3.07,-0.82,3.88
2.347771,-3.14,-0.84,3.92
2.358091,-3.17,-0.81,3.95
2.374055,-3.16,-0.71,4.01
2.378271,-3.11,-0.58,4.1
2.388093,-3.04,-0.45,4.19
2.397803,-2.96,-0.32,4.26
2.407788,-2.88,-0.18,4.31
2.417911,-2.83,-0.04,4.33
2.427787,-2.79,0.09,4.32
2.437985,-2.78,0.16,4.3
2.448074,-2.79,0.15,4.28
2.458235,-2.82,0.07,4.25
2.472454,-2.85,-0.06,4.25
2.477951,-2.92,-0.18,4.26
2.48784,-3.01,-0.26,4.26
2.49835,-3.08,-0.34,4.24
2.508042,-3.16,-0.41,4.2
2.51803,-3.26,-0.45,4.14
2.528342,-3.48,-0.36,4.03
2.5384,-3.54,-0.25,3.97
2.5486,-3.54,-0.16,3.92
2.558702,-3.49,-0.12,3.89
2.582605,-3.4,-0.15,3.9
2.584401,-3.33,-0.21,3.95
2.58807,-3.3,-0.3,4.01
2.599337,-3.31,-0.39,4.05
2.607864,-3.37,-0.47,4.02
2.618034,-3.43,-0.52,3.91
2.627984,-3.45,-0.55,3.71
2.63796,-3.4,-0.55,3.46
2.652874,-3.26,-0.53,3.2
2.658467,-3.04,-0.47,2.97
2.673087,-2.76,-0.39,2.78
2.678123,-2.48,-0.3,2.64
2.687783,-2.22,-0.26,2.53
2.700542,-2.03,-0.27,2.45
2.708,-1.92,-0.33,2.37
2.718059,-1.88,-0.46,2.28
2.728186,-1.88,-0.62,2.19
2.738081,-1.89,-0.74,2.14
2.752402,-1.9,-0.68,2.18
2.758277,-2.04,-0.41,2.38
2.771852,-2.13,0.33,2.27
2.778026,-2.14,0.44,1.93
2.787862,-2.07,0.22,1.44
2.79968,-1.89,-0.24,0.95
2.807748,-1.62,-0.8,0.58
2.818794,-1.33,-1.24,0.43
2.828264,-1.08,-1.44,0.5
2.838038,-0.9,-1.29,0.7
2.85098,-0.81,-0.91,0.92
2.858119,-0.79,-0.51,1.04
2.871205,-0.79,-0.15,1.0
2.87816,-0.81,0.11,0.82
2.888602,-0.84,0.25,0.56
2.8994,-0.91,0.26,0.28
2.90839,-1.01,0.16,0.04
2.918982,-1.1,0.02,-0.11
2.929521,-1.16,-0.15,-0.18
2.938561,-1.16,-0.28,-0.17
2.947814,-1.13,-0.36,-0.1
2.957771,-1.09,-0.37,-0.01
2.970572,-1.05,-0.33,0.07
2.989735,-1.02,-0.26,0.1
2.991226,-1.01,-0.18,0.07
3.003557,-0.97,-0.03,-0.09
3.008655,-0.91,0.05,-0.17
3.017924,-0.81,0.1,-0.21
3.029248,-0.69,0.14,-0.2
3.038065,-0.56,0.17,-0.14
3.048068,-0.45,0.19,-0.05
3.058292,-0.38,0.18,0.04
3.068278,-0.36,0.16,0.1
3.087789,-0.36,0.14,0.12
3.089876,-0.39,0.1,0.12
3.099116,-0.42,0.06,0.12
3.108159,-0.48,0.03,0.13
3.118142,-0.52,0.02,0.15
3.127792,-0.55,0.01,0.17
3.13791,-0.54,0.01,0.17
3.1478,-0.5,-0.01,0.15
3.158321,-0.44,-0.03,0.12
3.167911,-0.35,-0.03,0.09
3.187629,-0.29,0.0,0.07
3.188874,-0.25,0.1,0.07
3.200364,-0.25,0.24,0.06
3.207802,-0.29,0.37,0.07
3.21798,-0.33,0.49,0.1
3.227749,-0.39,0.6,0.26
3.237805,-0.39,0.6,0.35
3.247801,-0.38,0.57,0.46
3.262148,-0.37,0.58,0.58
3.268351,-0.4,0.59,0.71
3.280221,-0.45,0.51,0.81
3.287978,-0.49,0.33,0.86
3.298031,-0.51,0.1,0.85
3.308653,-0.5,-0.1,0.79
3.317731,-0.46,-0.27,0.67
3.327816,-0.39,-0.38,0.55
3.337789,-0.31,-0.43,0.46
3.348323,-0.24,-0.42,0.4
3.361255,-0.16,-0.39,0.4
3.368197,-0.09,-0.35,0.44
3.38059,-0.01,-0.3,0.52
3.387869,0.06,-0.26,0.61
3.397933,0.13,-0.2,0.69
3.40866,0.2,-0.1,0.75
3.417889,0.27,0.01,0.79
3.428106,0.35,0.11,0.79
3.438233,0.44,0.16,0.76
3.448246,0.54,0.14,0.72
3.461131,0.68,-0.02,0.56
3.468419,0.71,-0.14,0.44
3.483685,0.71,-0.24,0.32
3.488151,0.69,-0.32,0.22
3.498146,0.68,-0.36,0.14
3.507916,0.69,-0.36,0.07
3.518044,0.72,-0.37,0.03
3.52842,0.77,-0.39,0.01
3.538543,0.82,-0.41,-0.01
3.548081,0.86,-0.42,-0.02
3.561834,0.87,-0.41,-0.03
3.568186,0.85,-0.37,-0.06
3.584161,0.79,-0.29,-0.12
3.598443,0.72,-0.17,-0.19
3.600271,0.68,-0.06,-0.27
3.612017,0.67,0.0,-0.32
3.618172,0.66,0.01,-0.35
3.62796,0.65,-0.01,-0.33
3.639483,0.62,-0.03,-0.29
3.648075,0.56,-0.04,-0.24
3.658221,0.48,-0.05,-0.18
3.667944,0.37,-0.06,-0.13
3.678013,0.26,-0.07,-0.08
3.697988,0.13,-0.1,-0.05
3.699411,-0.06,-0.18,-0.09
3.71153,-0.12,-0.2,-0.14
3.718302,-0.16,-0.21,-0.19
3.729419,-0.15,-0.2,-0.24
3.738327,-0.12,-0.17,-0.3
3.748016,-0.05,-0.14,-0.36
3.757947,0.01,-0.07,-0.42
3.768195,0.07,0.02,-0.49
3.778298,0.1,0.09,-0.57
3.794557,0.11,0.15,-0.65
3.797945,0.11,0.21,-0.72
3.808068,0.1,0.23,-0.79
3.818105,0.08,0.2,-0.84
3.828007,0.07,0.16,-0.86
3.838267,0.05,0.16,-0.81
3.847991,0.01,0.22,-0.65
3.858495,-0.07,0.3,-0.43
3.878539,-0.17,0.35,-0.18
3.880235,-0.27,0.35,0.05
3.891987,-0.37,0.28,0.23
3.898002,-0.43,0.14,0.37
3.907976,-0.46,-0.08,0.48
3.920843,-0.47,-0.27,0.61
3.928054,-0.48,-0.39,0.89
3.938136,-0.47,-0.44,1.0
3.94796,-0.42,-0.36,1.09
3.958166,-0.36,-0.22,1.16
3.976004,-0.28,-0.07,1.22
3.978572,-0.2,0.07,1.24
3.989877,-0.12,0.18,1.22
3.997977,-0.02,0.25,1.14
4.007973,0.09,0.25,1.03
4.018645,0.17,0.24,0.9
4.027961,0.22,0.23,0.75
4.037928,0.24,0.22,0.59
4.048156,0.25,0.21,0.44
4.058477,0.24,0.24,0.31
4.080372,0.24,0.28,0.21
4.082434,0.24,0.29,0.14
4.094075,0.26,0.28,0.1
4.098963,0.28,0.25,0.08
4.108765,0.29,0.21,0.09
4.122371,0.29,0.17,0.1
4.128005,0.28,0.12,0.11
4.138373,0.26,0.05,0.12
4.148113,0.24,-0.01,0.11
4.15844,0.21,-0.06,0.11
4.173502,0.12,-0.11,0.18
4.178168,0.04,-0.08,0.23
4.188292,-0.03,-0.03,0.24
4.198255,-0.1,0.01,0.21
4.208018,-0.14,0.03,0.15
4.218264,-0.15,0.04,0.09
4.228122,-0.13,0.03,0.05
4.23824,-0.1,0.0,0.05
4.248591,-0.07,-0.01,0.09
4.257945,-0.08,-0.0,0.13
4.269687,-0.11,-0.0,0.15
4.278341,-0.15,0.01,0.15
4.291165,-0.19,0.0,0.15
4.305104,-0.24,0.0,0.16
4.308211,-0.28,-0.01,0.18
4.320545,-0.33,-0.04,0.23
4.32801,-0.4,-0.08,0.28
4.337934,-0.48,-0.11,0.34
4.348895,-0.58,-0.15,0.41
4.35831,-0.68,-0.17,0.48
4.369643,-0.78,-0.18,0.53
4.378661,-0.87,-0.22,0.57
4.390864,-0.94,-0.29,0.61
4.404885,-1.06,-0.42,0.68
4.408137,-1.13,-0.43,0.74
4.420837,-1.19,-0.42,0.83
4.42778,-1.25,-0.43,0.94
4.43815,-1.32,-0.46,1.06
4.448202,-1.39,-0.5,1.19
4.458373,-1.46,-0.57,1.3
4.472012,-1.5,-0.61,1.37
4.479023,-1.53,-0.49,1.43
4.507387,-1.57,-0.24,1.5
4.511056,-1.6,0.04,1.58
4.513957,-1.62,0.23,1.68
4.522786,-1.62,0.27,1.8
4.529419,-1.61,0.15,1.95
4.538482,-1.58,-0.04,2.13
4.548235,-1.54,-0.29,2.32
4.55837,-1.52,-0.58,2.49
4.568265,-1.54,-0.81,2.6
4.591485,-1.62,-0.97,2.64
4.593532,-1.76,-1.09,2.63
4.605403,-1.95,-1.15,2.56
4.608212,-2.15,-1.17,2.47
4.620024,-2.29,-1.18,2.35
4.634304,-2.33,-1.17,2.23
4.638088,-2.14,-1.17,2.09
4.648017,-1.97,-1.14,2.07
4.65794,-1.79,-1.09,2.07
4.667999,-1.64,-1.02,2.11
4.688001,-1.53,-0.88,2.18
4.689821,-1.47,-0.7,2.28
4.698321,-1.46,-0.5,2.4
4.708014,-1.5,-0.31,2.53
4.71829,-1.57,-0.14,2.67
4.728266,-1.67,-0.01,2.8
4.738465,-1.8,0.03,2.94
4.748063,-1.94,-0.03,3.07
4.758254,-2.07,-0.17,3.19
4.76784,-2.19,-0.37,3.31
4.792463,-2.3,-0.58,3.43
4.794597,-2.39,-0.73,3.55
4.798165,-2.49,-0.83,3.66
4.808935,-2.58,-0.9,3.75
4.817992,-2.68,-0.91,3.84
4.827806,-2.79,-0.89,3.91
4.837992,-2.88,-0.85,3.94
4.848479,-2.93,-0.8,3.94
4.858694,-2.94,-0.75,3.91
4.868509,-2.92,-0.63,3.78
4.894811,-2.89,-0.59,3.7
4.896633,-2.85,-0.6,3.61
4.898255,-2.82,-0.66,3.52
4.909931,-2.78,-0.72,3.43
4.9182,-2.74,-0.78,3.35
4.928347,-2.71,-0.83,3.26
4.937825,-2.7,-0.87,3.17
4.948296,-2.7,-0.9,3.09
4.962879,-2.71,-0.93,3.0
4.968165,-2.71,-0.98,2.89
4.988016,-2.68,-1.05,2.75
4.991023,-2.64,-1.12,2.58
5.002253,-2.58,-1.18,2.39
5.016514,-2.52,-1.2,2.21
5.01884,-2.46,-1.18,2.05
5.028056,-2.4,-1.09,1.9
5.038051,-2.35,-0.87,1.78
5.048465,-2.3,-0.55,1.68
5.064142,-2.25,-0.21,1.55
5.068205,-2.18,0.07,1.35
5.099689,-2.04,0.18,1.06
5.102177,-1.84,0.05,0.73
5.103713,-1.38,-0.23,0.29
5.113537,-1.19,-0.74,0.3
5.118326,-1.05,-0.85,0.48
5.128925,-0.99,-0.81,0.77
5.138074,-0.98,-0.64,1.07
5.147922,-1.01,-0.41,1.28
5.159824,-1.03,-0.18,1.34
5.16808,-1.01,-0.0,1.29
5.179925,-0.95,0.09,1.14
5.195029,-0.85,0.06,0.98
5.19803,-0.72,-0.05,0.87
5.211265,-0.6,-0.21,0.86
5.218028,-0.54,-0.32,0.95
5.227996,-0.56,-0.37,1.11
5.240022,-0.64,-0.38,1.27
5.247922,-0.74,-0.38,1.39
5.258432,-0.85,-0.37,1.44
5.267959,-0.93,-0.37,1.44
5.277954,-0.96,-0.38,1.39
5.298557,-0.92,-0.37,1.33
5.300341,-0.83,-0.35,1.25
5.312056,-0.71,-0.33,1.17
5.317932,-0.57,-0.31,1.09
5.328129,-0.44,-0.31,1.01
5.339068,-0.27,-0.3,0.9
5.348116,-0.24,-0.28,0.85
5.358079,-0.22,-0.27,0.82
5.368205,-0.21,-0.24,0.79
5.378289,-0.21,-0.21,0.76
5.399966,-0.2,-0.18,0.72
5.402404,-0.19,-0.16,0.67
5.413906,-0.17,-0.14,0.62
5.4183,-0.16,-0.12,0.57
5.42879,-0.16,-0.1,0.5
5.440012,-0.18,-0.09,0.41
5.447752,-0.21,-0.09,0.31
5.458372,-0.24,-0.1,0.22
5.468192,-0.27,-0.11,0.15
5.478209,-0.31,-0.14,0.1
5.499892,-0.34,-0.18,0.07
5.502879,-0.36,-0.19,0.04
5.507862,-0.39,-0.16,0.01
5.51837,-0.41,-0.09,-0.02
5.528165,-0.43,0.01,-0.05
5.538618,-0.45,0.1,-0.06
5.547978,-0.47,0.16,-0.07
5.55832,-0.48,0.23,-0.08
5.574187,-0.5,0.54,-0.06
5.578236,-0.52,0.72,-0.05
5.598357,-0.54,0.81,-0.04
5.600165,-0.54,0.76,-0.03
5.612558,-0.52,0.54,0.03
5.627398,-0.5,0.25,0.14
5.62904,-0.48,-0.01,0.32
5.640323,-0.49,-0.19,0.51
5.647886,-0.54,-0.27,0.67
5.65814,-0.6,-0.31,0.77
5.672783,-0.65,-0.34,0.81
5.678306,-0.66,-0.37,0.81
5.696212,-0.62,-0.38,0.81
5.698902,-0.52,-0.38,0.85
5.710972,-0.36,-0.38,0.94
5.725028,-0.2,-0.32,1.07
5.728292,-0.03,-0.23,1.19
5.738014,0.12,-0.15,1.26
5.747932,0.24,-0.11,1.27
5.758134,0.32,-0.12,1.24
5.772167,0.36,-0.17,1.19
5.778197,0.37,-0.2,1.13
5.795132,0.35,-0.2,1.07
5.79851,0.33,-0.17,0.92
5.808824,0.36,-0.06,0.81
5.82393,0.42,-0.04,0.69
5.827953,0.5,-0.06,0.59
5.839047,0.59,-0.09,0.53
5.848066,0.65,-0.13,0.52
5.858216,0.66,-0.13,0.52
5.869476,0.64,-0.11,0.52
5.881729,0.6,-0.09,0.51
5.898182,0.52,-0.04,0.51
5.907978,0.49,-0.02,0.54
5.918135,0.46,-0.01,0.56
5.927977,0.45,-0.02,0.55
5.937918,0.45,-0.05,0.51
5.948667,0.44,-0.09,0.44
5.958422,0.42,-0.12,0.38
5.968489,0.37,-0.14,0.33
5.978141,0.31,-0.15,0.27
5.988178,0.25,-0.16,0.2
6.007584,0.2,-0.17,0.14
6.010102,0.16,-0.17,0.09
6.021436,0.14,-0.16,0.07
6.028326,0.12,-0.15,0.07
6.037945,0.1,-0.07,0.06
6.049798,0.09,-0.04,0.06
6.058211,0.06,-0.02,0.06
6.067778,0.02,-0.02,0.07
6.078298,-0.04,-0.02,0.07
6.088478,-0.1,-0.04,0.05
6.109674,-0.15,-0.05,0.03
6.111569,-0.21,-0.06,0.01
6.118293,-0.26,-0.11,-0.0
6.128392,-0.33,-0.18,-0.01
6.138356,-0.4,-0.26,-0.01
6.147879,-0.48,-0.28,0.01
6.157804,-0.57,-0.18,0.08
6.168089,-0.68,0.04,0.18
6.178288,-0.81,0.27,0.29
6.188508,-0.93,0.45,0.35
6.203004,-1.0,0.46,0.33
6.208231,-1.0,0.25,0.25
6.218216,-0.94,-0.07,0.19
6.231925,-0.87,-0.36,0.25
6.238174,-0.85,-0.52,0.42
6.247991,-0.88,-0.51,0.66
6.258368,-0.93,-0.4,0.88
6.267893,-0.94,-0.23,1.03
6.288923,-0.89,0.08,0.98
6.290451,-0.8,0.22,0.9
6.303474,-0.68,0.35,0.8
6.308011,-0.53,0.42,0.68
6.318665,-0.37,0.41,0.54
6.333505,-0.22,0.31,0.42
6.338209,-0.12,0.16,0.34
6.348122,-0.08,0.01,0.31
6.358015,-0.12,-0.13,0.31
6.367895,-0.19,-0.25,0.31
6.388171,-0.26,-0.32,0.32
6.389938,-0.34,-0.35,0.32
6.402896,-0.38,-0.33,0.31
6.408328,-0.39,-0.31,0.29
6.417918,-0.36,-0.29,0.26
6.432505,-0.28,-0.27,0.23
6.437862,-0.19,-0.25,0.21
6.44798,-0.08,-0.21,0.21
6.458633,0.01,-0.15,0.25
6.468808,0.08,-0.09,0.32
6.487602,0.11,-0.03,0.41
6.489265,0.1,-0.0,0.5
6.501741,0.05,-0.01,0.6
6.516306,-0.15,-0.1,0.78
6.5183,-0.28,-0.13,0.86
6.530966,-0.41,-0.16,0.91
6.538201,-0.51,-0.21,0.97
6.548073,-0.57,-0.26,1.04
6.564329,-0.61,-0.31,1.14
6.568444,-0.64,-0.37,1.24
6.58818,-0.66,-0.42,1.32
6.590519,-0.67,-0.45,1.39
6.600125,-0.68,-0.47,1.44
6.611838,-0.7,-0.47,1.48
6.618049,-0.75,-0.44,1.53
6.628321,-0.81,-0.38,1.57
6.638009,-0.87,-0.32,1.58
6.648071,-0.93,-0.28,1.59
6.663039,-0.98,-0.26,1.59
6.668822,-1.0,-0.27,1.58
6.686515,-1.02,-0.32,1.57
6.68804,-1.03,-0.38,1.56
6.701248,-1.05,-0.46,1.55
6.716124,-1.07,-0.55,1.55
6.71829,-1.09,-0.6,1.54
6.730031,-1.12,-0.58,1.55
6.738542,-1.26,-0.13,1.65
6.747995,-1.37,0.29,1.75
6.762422,-1.47,0.6,1.83
6.768233,-1.51,0.67,1.87
6.791783,-1.49,0.48,1.9
6.79356,-1.45,0.14,1.93
6.798016,-1.44,-0.23,1.96
6.807821,-1.48,-0.54,1.98
6.81804,-1.61,-0.74,1.96
6.828609,-1.83,-0.81,1.88
6.837996,-2.08,-0.81,1.77
6.847964,-2.29,-0.76,1.65
6.860673,-2.38,-0.69,1.53
6.868211,-2.33,-0.66,1.46
6.884016,-2.17,-0.65,1.47
6.898536,-1.94,-0.65,1.55
6.900186,-1.67,-0.66,1.7
6.913094,-1.41,-0.68,1.9
6.917978,-1.21,-0.7,2.13
6.928015,-1.1,-0.69,2.34
6.939868,-1.09,-0.69,2.51
6.948049,-1.17,-0.7,2.65
6.958051,-1.32,-0.7,2.79
6.968176,-1.52,-0.7,2.9
6.978215,-1.86,-0.68,3.03
7.005005,-1.95,-0.68,3.05
7.006967,-1.96,-0.7,3.06
7.009938,-1.93,-0.76,3.07
7.018493,-1.9,-0.84,3.12
7.027811,-1.88,-0.88,3.19
7.038414,-1.88,-0.91,3.27
7.048093,-1.91,-0.94,3.32
7.057952,-1.94,-0.96,3.34
7.067998,-1.98,-0.99,3.33
7.078157,-2.0,-1.02,3.3
7.103735,-1.97,-1.07,3.28
7.105984,-1.9,-1.11,3.29
7.108064,-1.8,-1.11,3.32
7.118074,-1.7,-1.06,3.36
7.128341,-1.59,-1.0,3.41
7.138493,-1.48,-0.94,3.47
7.148355,-1.4,-0.89,3.53
7.157986,-1.35,-0.82,3.58
7.168187,-1.31,-0.76,3.58
7.178802,-1.29,-0.71,3.55
7.202561,-1.27,-0.69,3.49
7.204174,-1.22,-0.71,3.45
7.207961,-1.07,-0.8,3.48
7.218916,-0.99,-0.85,3.54
7.227922,-0.92,-0.89,3.6
7.237868,-0.86,-0.92,3.64
7.247891,-0.83,-0.89,3.66
7.258319,-0.85,-0.75,3.67
7.271649,-0.94,-0.54,3.65
7.27812,-1.04,-0.33,3.55
7.294612,-1.08,-0.19,3.32
7.297795,-1.03,-0.14,3.03
7.309433,-0.9,-0.19,2.73
7.324316,-0.71,-0.3,2.49
7.328026,-0.52,-0.47,2.3
7.337948,-0.34,-0.66,2.18
7.348122,-0.2,-0.82,2.11
7.358869,-0.11,-0.91,2.07
7.372381,-0.06,-0.89,2.04
7.378405,-0.05,-0.73,1.98
7.398673,-0.08,-0.48,1.87
7.400752,-0.15,-0.22,1.7
7.407975,-0.24,0.02,1.46
7.418107,-0.32,0.19,1.17
7.42811,-0.35,0.3,0.89
7.438021,-0.33,0.38,0.56
7.448534,-0.3,0.48,0.52
7.459065,-0.31,0.5,0.6
7.473888,-0.38,0.5,0.75
7.478297,-0.49,0.47,0.92
7.510771,-0.6,0.39,1.08
7.513649,-0.68,0.3,1.18
7.515973,-0.74,0.21,1.24
7.525178,-0.78,0.15,1.28
7.527853,-0.81,0.13,1.28
7.539388,-0.82,0.14,1.25
7.554391,-0.8,0.15,1.21
7.558245,-0.76,0.17,1.2
7.568287,-0.7,0.19,1.21
7.57842,-0.65,0.2,1.22
7.588969,-0.62,0.18,1.22
7.623,-0.62,0.14,1.23
7.624649,-0.64,0.07,1.23
7.625755,-0.67,0.01,1.2
7.628159,-0.7,-0.03,1.17
7.638086,-0.71,-0.05,1.13
7.648424,-0.7,-0.04,1.09
7.658244,-0.65,-0.02,1.04
7.66803,-0.57,-0.0,0.98
7.678476,-0.41,0.03,0.89
7.68785,-0.38,0.02,0.88
7.711121,-0.37,-0.01,0.88
7.713423,-0.37,-0.09,0.9
7.71844,-0.38,-0.26,0.94
7.728137,-0.39,-0.45,0.97
7.738119,-0.42,-0.65,0.96
7.748018,-0.43,-0.85,0.91
7.759635,-0.42,-1.02,0.82
7.768252,-0.39,-1.11,0.71
7.779474,-0.4,-1.07,0.61
7.789816,-0.59,-0.73,0.44
7.813423,-0.88,-0.38,0.25
7.814276,-0.91,-0.34,0.26
7.818276,-0.71,-0.35,0.39
7.827787,-0.46,-0.39,0.52
7.838002,-0.31,-0.42,0.66
7.847698,-0.3,-0.38,0.78
7.858192,-0.47,-0.23,0.83
